1970-01-01,0.688495,0.795109,0.646106,0.728314,0.487579,79484700
1970-02-01,0.732168,0.811807,0.721892,0.758500,0.507788,51925900
1970-03-01,0.754005,0.765565,0.662805,0.757858,0.507358,80866700
1970-04-01,0.757858,0.780979,0.601148,0.662805,0.443723,63836600
1970-05-01,0.662805,0.667943,0.495819,0.596010,0.399007,165257000
1970-06-01,0.596010,0.667300,0.582523,0.603075,0.403736,112474300
1970-07-01,0.603075,0.643537,0.527289,0.527932,0.353430,131547700
1970-08-01,0.527932,0.549768,0.461780,0.536923,0.359450,101244000
1970-09-01,0.536923,0.639684,0.516371,0.605644,0.405456,66230800
1970-10-01,0.605002,0.629408,0.585734,0.619132,0.414485,37231300
1970-11-01,0.619132,0.780979,0.611425,0.770703,0.515957,66425400
1970-12-01,0.770703,0.782906,0.693633,0.726388,0.486290,66911900
1971-01-01,0.726388,0.829790,0.710331,0.816303,0.546484,85382000
1971-02-01,0.816303,0.921632,0.816303,0.913283,0.611409,59788700
1971-03-01,0.963379,1.126511,0.915852,1.037880,0.694822,78784000
1971-04-01,1.045587,1.252393,1.027604,1.161193,0.777375,54601700
1971-05-01,1.161193,1.324325,1.143210,1.247255,0.834990,36189900
1971-06-01,1.253677,1.296066,1.130365,1.171469,0.784254,41571400
1971-07-01,1.171469,1.217711,1.019897,1.046872,0.700842,36939400
1971-08-01,1.046872,1.217711,1.012190,1.176607,0.787694,47196000
1971-09-01,1.176607,1.204866,1.099536,1.113666,0.745558,20376600
1971-10-01,1.113666,1.125227,0.977508,1.111097,0.743838,67524900
1971-11-01,1.111097,1.199728,1.025035,1.199728,0.803173,55759700
1971-12-01,1.199728,1.469474,1.176607,1.412956,0.945921,59652400
1972-01-01,1.412956,1.674995,1.364145,1.628753,1.090389,45045500
1972-02-01,1.628753,1.726375,1.572234,1.713530,1.147144,35460300
1972-03-01,1.716099,1.762341,1.500302,1.633891,1.093829,51448800
1972-04-01,1.637744,1.797023,1.600493,1.716099,1.148864,35859500
1972-05-01,1.716099,2.014104,1.689124,1.903637,1.274414,33095300
1972-06-01,1.903637,1.949879,1.829135,1.916482,1.283013,22906400
1972-07-01,1.916482,2.012820,1.862532,1.956301,1.309671,21067600
1972-08-01,1.960155,2.073191,1.881800,1.929327,1.291613,25358800
1972-09-01,1.929327,1.953732,1.780324,1.831704,1.226258,26361200
1972-10-01,1.831704,1.997406,1.705823,1.996121,1.336329,37591400
1972-11-01,2.008966,2.046217,1.881800,2.044932,1.369006,28949700
1972-12-01,2.047501,2.432853,2.047501,2.432853,1.628704,32871700
1973-01-01,2.440560,2.538182,2.127141,2.191366,1.467038,78283200
1973-02-01,2.191366,2.206780,1.921620,1.973000,1.320850,63861100
1973-03-01,1.973000,2.157969,1.818859,1.921620,1.286453,46111000
1973-04-01,1.921620,2.001259,1.788031,1.823997,1.221098,48762800
1973-05-01,1.823997,2.014104,1.744358,1.821428,1.219378,44159500
1973-06-01,1.798307,1.895930,1.441215,1.577372,1.055992,52173500
1973-07-01,1.572234,1.929327,1.500302,1.818859,1.217659,48115800
1973-08-01,1.816290,1.847118,1.623615,1.762341,1.179822,27908300
1973-09-01,1.762341,1.767479,1.561958,1.626184,1.088669,33285200
1973-10-01,1.626184,1.705823,1.443784,1.456629,0.975159,42247700
1973-11-01,1.451491,1.451491,0.832359,0.904292,0.605389,95322500
1973-12-01,0.904292,0.991638,0.845204,0.971086,0.650106,58883600
1974-01-01,0.971086,0.973655,0.721892,0.919706,0.615709,71047400
1974-02-01,0.914568,0.929982,0.804100,0.919706,0.615709,45517600
1974-03-01,0.917137,1.120089,0.868326,1.007052,0.674184,108975800
1974-04-01,1.007052,1.043018,0.847773,0.899154,0.601950,39795500
1974-05-01,0.899154,0.958241,0.847773,0.917137,0.613989,26726100
1974-06-01,0.917137,1.053294,0.878602,0.888878,0.595071,39776000
1974-07-01,0.888878,0.919706,0.678219,0.739875,0.495319,55024900
1974-08-01,0.739875,0.845204,0.665374,0.701340,0.469521,46986800
1974-09-01,0.701340,0.719323,0.411042,0.444439,0.297535,49989200
1974-10-01,0.441870,0.539492,0.411042,0.480405,0.321613,57915100
1974-11-01,0.480405,0.572889,0.444439,0.454715,0.304415,48276600
1974-12-01,0.454715,0.459853,0.341678,0.439301,0.294095,38564300
1975-01-01,0.441870,0.647391,0.436732,0.621701,0.416205,99643400
1975-02-01,0.621701,0.850342,0.613993,0.811807,0.543475,108659500
1975-03-01,0.811807,0.950534,0.809238,0.935120,0.626028,101434100
1975-04-01,0.935120,1.058432,0.909430,0.994207,0.665585,115802100
1975-05-01,0.994207,1.145779,0.983931,1.084122,0.725779,76784400
1975-06-01,1.084122,1.096967,0.965948,1.037880,0.694822,48840600
1975-07-01,1.037880,1.117519,0.917137,0.945396,0.632907,62800300
1975-08-01,0.945396,0.950534,0.814376,0.914568,0.612269,61058400
1975-09-01,0.914568,0.983931,0.832359,0.906861,0.607109,55243900
1975-10-01,0.906861,1.035311,0.863187,1.001914,0.670744,64401100
1975-11-01,1.001914,1.102105,0.989069,1.061001,0.710301,47969800
1975-12-01,1.061001,1.068708,0.953103,1.025035,0.686223,37401200
1976-01-01,1.030173,1.233125,1.030173,1.222849,0.818652,109836900
1976-02-01,1.222849,1.294781,1.199728,1.230556,0.823811,58435900
1976-03-01,1.230556,1.271660,1.179176,1.248539,0.835850,44874900
1976-04-01,1.248539,1.289643,1.114951,1.114951,0.746418,53687100
1976-05-01,1.114951,1.179176,1.053294,1.102105,0.737819,53828100
1976-06-01,1.102105,1.176607,1.027604,1.163762,0.779095,61948800
1976-07-01,1.163762,1.168900,1.007052,1.017328,0.681063,90943400
1976-08-01,1.017328,1.086691,0.968517,1.012190,0.677624,70020800
1976-09-01,1.017328,1.066139,0.971086,0.983931,0.658705,54913200
1976-10-01,0.983931,0.986500,0.845204,0.950534,0.636347,62172500
1976-11-01,0.950534,0.965948,0.878602,0.883740,0.591631,53151800
1976-12-01,0.883740,1.012190,0.878602,0.971086,0.650106,64260000
1977-01-01,0.971086,0.978793,0.834928,0.847773,0.567553,71894300
1977-02-01,0.847773,0.870895,0.757858,0.780979,0.522837,59691200
1977-03-01,0.786117,0.819514,0.696202,0.714185,0.478120,82180400
1977-04-01,0.719323,0.762996,0.688495,0.719323,0.481560,67403500
1977-05-01,0.719323,0.762996,0.660236,0.662805,0.443723,55341200
1977-06-01,0.662805,0.773272,0.660236,0.757858,0.507358,46227800
1977-07-01,0.757858,0.778410,0.724461,0.762996,0.510797,42277000
1977-08-01,0.762996,0.852911,0.755289,0.829790,0.555514,80812900
1977-09-01,0.829790,0.837497,0.768134,0.811807,0.543475,36379800
1977-10-01,0.811807,0.811807,0.691064,0.745013,0.498758,47312800
1977-11-01,0.739875,0.878602,0.716754,0.878602,0.588191,66790300
1977-12-01,0.878602,0.878602,0.770703,0.822083,0.550354,61272600
1978-01-01,0.816945,0.816945,0.667943,0.680788,0.455762,68410400
1978-02-01,0.680788,0.714185,0.660236,0.665374,0.445443,30492200
1978-03-01,0.665374,0.706478,0.652529,0.665374,0.445443,43070200
1978-04-01,0.660236,0.832359,0.647391,0.793824,0.531436,95672800
1978-05-01,0.793824,0.855480,0.734737,0.850342,0.569272,103234100
1978-06-01,0.850342,0.929982,0.804100,0.822083,0.550354,95886900
1978-07-01,0.822083,0.870895,0.806669,0.868326,0.581312,52684700
1978-08-01,0.868326,0.968517,0.858049,0.883740,0.591631,85600900
1978-09-01,0.883740,0.955672,0.816945,0.876033,0.586471,45663500
1978-10-01,0.876033,0.914568,0.729599,0.742444,0.497038,76146800
1978-11-01,0.757858,0.827221,0.739875,0.780979,0.522837,42671100
1978-12-01,0.783548,0.832359,0.768134,0.824652,0.552074,44004200
1979-01-01,0.824652,0.906861,0.811807,0.850342,0.569272,66902100
1979-02-01,0.850342,0.852911,0.755289,0.762996,0.510797,43172200
1979-03-01,0.762996,0.816945,0.747582,0.806669,0.540035,93113400
1979-04-01,0.793824,0.829790,0.765565,0.775841,0.519397,44335100
1979-05-01,0.775841,0.775841,0.678219,0.703909,0.471241,58567100
1979-06-01,0.703909,0.760427,0.693633,0.693633,0.464361,41391300
1979-07-01,0.693633,0.814376,0.688495,0.809238,0.541755,70751100
1979-08-01,0.809238,0.873464,0.806669,0.822083,0.550354,65467100
1979-09-01,0.822083,0.868326,0.801531,0.827221,0.553794,43629600
1979-10-01,0.822083,0.822083,0.742444,0.762996,0.510797,41493500
1979-11-01,0.762996,0.824652,0.729599,0.811807,0.543475,61481800
1979-12-01,0.811807,0.935120,0.809238,0.922275,0.617428,90150200
1980-01-01,0.922275,0.989069,0.852911,0.958241,0.641507,114566200
1980-02-01,0.953103,0.968517,0.881171,0.891447,0.596790,58406900
1980-03-01,0.896585,0.942827,0.832359,0.914568,0.612269,78755000
1980-04-01,0.914568,0.976224,0.847773,0.965948,0.646666,63535200
1980-05-01,0.963379,1.084122,0.929982,1.030173,0.689662,106596300
1980-06-01,1.030173,1.055863,0.978793,0.986500,0.660425,81182800
1980-07-01,0.986500,1.099536,0.981362,1.089260,0.729219,104752500
1980-08-01,1.089260,1.107244,1.019897,1.025035,0.686223,67461600
1980-09-01,1.025035,1.048156,0.950534,0.971086,0.650106,123699400
1980-10-01,0.971086,0.989069,0.852911,0.870895,0.583031,121796900
1980-11-01,0.878602,1.073846,0.878602,1.043018,0.698262,105545600
1980-12-01,1.037880,1.061001,0.953103,1.053294,0.705141,72084100
1981-01-01,1.058432,1.094398,1.012190,1.073846,0.718900,77596800
1981-02-01,1.071277,1.243401,1.050725,1.225418,0.820372,74303000
1981-03-01,1.225418,1.310195,1.168900,1.256246,0.841010,87016800
1981-04-01,1.256246,1.263953,1.184314,1.199728,0.803173,79572500
1981-05-01,1.199728,1.251108,1.114951,1.240832,0.830691,67223300
1981-06-01,1.258815,1.379559,1.258815,1.302488,0.871967,80200200
1981-07-01,1.302488,1.305057,1.061001,1.104674,0.739538,74915900
1981-08-01,1.104674,1.143210,1.048156,1.063570,0.712021,53808600
1981-09-01,1.063570,1.066139,0.891447,0.960810,0.643226,71617000
1981-10-01,0.960810,1.089260,0.945396,1.078984,0.722340,53925400
1981-11-01,1.078984,1.135503,1.063570,1.120089,0.749857,50067300
1981-12-01,1.120089,1.125227,1.007052,1.073846,0.718900,93716900
1982-01-01,1.073846,1.109812,0.971086,1.027604,0.687943,104548200
1982-02-01,1.022466,1.063570,0.996776,1.055863,0.706861,78039500
1982-03-01,1.055863,1.109812,0.965948,1.089260,0.729219,203627700
1982-04-01,1.089260,1.197159,1.089260,1.174038,0.790561,151608900
1982-05-01,1.174038,1.194590,1.125227,1.176607,0.792291,114965500
1982-06-01,1.171469,1.217711,1.081553,1.207435,0.813049,175212100
1982-07-01,1.207435,1.212573,1.027604,1.043018,0.706039,295764700
1982-08-01,1.055863,1.166331,1.019897,1.112381,0.752992,188807000
1982-09-01,1.112381,1.194590,1.068708,1.163762,0.787772,220619100
1982-10-01,1.166331,1.438646,1.130365,1.356437,0.923027,242402800
1982-11-01,1.356437,1.469474,1.263953,1.353868,0.921279,164648900
1982-12-01,1.361575,1.443784,1.263953,1.299919,0.888745,136252800
1983-01-01,1.299919,1.402680,1.235694,1.384697,0.946707,139970400
1983-02-01,1.384697,1.603063,1.346161,1.536268,1.050335,126020300
1983-03-01,1.551682,1.618477,1.505440,1.569665,1.073169,100236800
1983-04-01,1.569665,1.741789,1.554251,1.603063,1.100244,120590300
1983-05-01,1.603063,1.703254,1.508009,1.543975,1.059690,165942900
1983-06-01,1.543975,1.551682,1.335885,1.392404,0.955660,179854200
1983-07-01,1.392404,1.402680,1.276798,1.294781,0.888658,117962600
1983-08-01,1.294781,1.400111,1.148348,1.210004,0.834169,172448300
1983-09-01,1.210004,1.328178,1.192021,1.274229,0.878446,153696300
1983-10-01,1.274229,1.315333,1.233125,1.256246,0.866048,94967400
1983-11-01,1.253677,1.294781,0.971086,0.991638,0.686915,328797600
1983-12-01,0.991638,1.099536,0.991638,1.084122,0.750980,165140300
1984-01-01,1.084122,1.163762,1.027604,1.156055,0.805549,213023700
1984-02-01,1.156055,1.161193,0.994207,1.027604,0.716044,154319100
1984-03-01,1.027604,1.397542,1.019897,1.374421,0.957709,605922900
1984-04-01,1.369283,1.387266,1.215142,1.292212,0.905824,606059100
1984-05-01,1.299919,1.428370,1.253677,1.284505,0.900421,759542300
1984-06-01,1.317902,1.374421,0.950534,0.973655,0.682519,788167400
1984-07-01,0.968517,1.140641,0.929982,1.084122,0.763496,365173800
1984-08-01,1.089260,1.210004,1.089260,1.158624,0.815963,200825300
1984-09-01,1.158624,1.325609,1.148348,1.210004,0.852148,258362200
1984-10-01,1.199728,1.253677,1.102105,1.176607,0.832866,393355600
1984-11-01,1.176607,1.222849,1.156055,1.204866,0.852869,76307700
1984-12-01,1.204866,1.256246,1.163762,1.230556,0.871054,137980000
1985-01-01,1.233125,1.543975,1.217711,1.528561,1.087592,278058300
1985-02-01,1.528561,1.667288,1.502871,1.600493,1.138772,138914200
1985-03-01,1.600493,1.649305,1.513147,1.618477,1.151567,101604100
1985-04-01,1.608201,1.654443,1.564527,1.574803,1.124872,68254700
1985-05-01,1.572234,1.844550,1.528561,1.788031,1.277179,150242000
1985-06-01,1.788031,1.952448,1.770048,1.929327,1.383005,112810000
1985-07-01,1.929327,1.929327,1.757203,1.790600,1.283561,145886800
1985-08-01,1.818859,1.885654,1.795738,1.836842,1.316709,89678300
1985-09-01,1.836842,1.836842,1.682702,1.723806,1.235681,89625000
1985-10-01,1.713530,1.890792,1.703254,1.890792,1.360014,95760400
1985-11-01,1.890792,2.044932,1.875378,2.034656,1.463494,85440500
1985-12-01,2.029518,2.414870,1.983276,2.319816,1.668605,145239600
1986-01-01,2.319816,2.553596,2.306971,2.430284,1.753223,201569800
1986-02-01,2.430284,2.908120,2.384042,2.861878,2.064577,154757000
1986-03-01,2.861878,3.123917,2.753979,3.082813,2.223961,144640000
1986-04-01,3.082813,4.110417,2.897844,3.689099,2.667714,284379800
1986-05-01,3.689099,3.966552,3.565786,3.863792,2.794040,109195800
1986-06-01,3.863792,4.511182,3.832963,4.500906,3.254758,129453100
1986-07-01,4.500906,4.500906,3.689099,3.976828,2.880685,135502300
1986-08-01,3.966552,3.966552,3.493854,3.750755,2.716926,113309600
1986-09-01,3.750755,3.781583,2.959500,3.247229,2.352188,181264000
1986-10-01,3.247229,3.647995,3.247229,3.606891,2.618211,114979900
1986-11-01,3.606891,3.689099,3.257505,3.545234,2.573455,82757200
1986-12-01,3.545234,3.812412,3.452750,3.545234,2.573455,129773200
1987-01-01,3.617167,4.685875,3.617167,4.644771,3.377850,224437300
1987-02-01,4.644771,4.932500,4.398146,4.881120,3.549734,117562700
1987-03-01,4.881120,5.374370,4.768083,5.127745,3.729087,118210600
1987-04-01,5.127745,5.610719,4.891396,5.281886,3.846338,126398700
1987-05-01,5.281886,5.507958,4.911948,5.261333,3.831371,83052800
1987-06-01,5.261333,6.021760,5.189401,5.939552,4.325259,104765800
1987-07-01,5.908724,6.001208,5.579891,5.929276,4.323183,81646100
1987-08-01,5.929276,6.782187,5.857344,6.576667,4.795212,102559200
1987-09-01,6.576667,6.617771,5.877896,6.371146,4.645362,120204400
1987-10-01,6.371146,6.576667,3.391094,4.542010,3.315139,248418800
1987-11-01,4.542010,4.747531,4.110417,4.305662,3.142632,130093900
1987-12-01,4.305662,5.168849,3.966552,4.870844,3.555149,160943700
1988-01-01,4.953052,5.364094,4.624219,4.778359,3.487647,123757700
1988-02-01,4.778359,5.127745,4.439250,5.045537,3.687532,112722300
1988-03-01,5.045537,5.281886,4.778359,4.860568,3.552348,99475100
1988-04-01,4.860568,4.891396,4.459802,4.726979,3.454716,140132900
1988-05-01,4.726979,4.829740,4.480354,4.768083,3.490932,68807300
1988-06-01,4.778359,5.394922,4.778359,5.179125,3.791877,141407900
1988-07-01,5.179125,5.312714,4.932500,5.189401,3.799401,81605200
1988-08-01,5.189401,5.292161,4.942776,5.148297,3.775368,65721000
1988-09-01,5.117469,5.374370,5.045537,5.333266,3.911012,89028700
1988-10-01,5.333266,5.620995,5.209953,5.446302,3.993904,73282400
1988-11-01,5.436026,5.436026,4.973604,5.209953,3.826539,74615700
1988-12-01,5.209953,5.507958,5.096917,5.405198,3.969941,65767300
1989-01-01,5.405198,6.175901,5.333266,6.165625,4.528450,146889000
1989-02-01,6.165625,6.237557,5.939552,6.083416,4.474674,74635300
1989-03-01,6.093693,6.473906,6.093693,6.453354,4.746783,96614500
1989-04-01,6.473906,7.069917,6.401974,6.997984,5.147387,80156300
1989-05-01,6.997984,7.881724,6.905500,7.645375,5.632083,108466000
1989-06-01,7.645375,8.118073,7.295990,7.778964,5.730492,109624100
1989-07-01,7.778964,9.155953,7.655651,8.837396,6.510201,113896200
1989-08-01,8.837396,10.234938,8.816844,9.659479,7.124578,177206000
1989-09-01,9.659479,10.142453,9.166229,9.936933,7.329217,97463500
1989-10-01,9.936933,11.200886,9.392303,10.183558,7.511124,188392200
1989-11-01,10.183558,10.759016,9.803344,10.604875,7.829354,94288400
1989-12-01,10.604875,10.913157,8.693531,9.207334,6.797576,170569400
1990-01-01,9.207334,9.680031,8.344146,8.559942,6.319621,166114600
1990-02-01,8.559942,9.104573,8.344146,9.001813,6.652731,99333100
1990-03-01,9.001813,9.618375,8.878500,9.135401,6.751457,107671800
1990-04-01,9.135401,9.525890,8.981260,9.084021,6.713486,108320000
1990-05-01,9.084021,10.676807,8.991536,10.604875,7.847425,131478300
1990-06-01,10.604875,10.913157,10.039693,10.543219,7.801796,146576400
1990-07-01,10.543219,11.221437,9.495063,9.669755,7.155447,161876400
1990-08-01,9.669755,9.700583,7.686479,8.416079,6.234651,240251800
1990-09-01,8.374974,8.508562,7.141849,7.450130,5.519075,128413100
1990-10-01,7.511786,8.076969,7.069917,7.480958,5.541913,183476700
1990-11-01,7.480958,8.303041,7.295990,8.190005,6.076574,125387800
1990-12-01,8.220834,8.940156,8.179729,8.344146,6.190938,106196200
1991-01-01,8.344146,8.940156,7.696755,8.899052,6.602648,162468800
1991-02-01,8.899052,10.358250,8.837396,10.142453,7.536634,170216600
1991-03-01,10.142453,10.666532,9.382026,9.782792,7.269376,102876600
1991-04-01,9.772515,10.101349,9.207334,9.464234,7.032667,107469800
1991-05-01,9.474510,10.173282,9.340921,9.536166,7.096500,137770900
1991-06-01,9.536166,9.762239,9.053193,9.166229,6.821208,97689800
1991-07-01,9.227885,10.091073,9.227885,9.926657,7.387091,103672300
1991-08-01,9.926657,10.101349,9.186781,9.762239,7.275486,97946400
1991-09-01,9.762239,9.793068,9.063469,9.371750,6.984465,79562700
1991-10-01,9.371750,9.978037,9.135401,9.762239,7.275486,98000900
1991-11-01,9.762239,9.895828,8.529115,8.611323,6.427691,134257900
1991-12-01,8.611323,9.484786,8.508562,9.412854,7.025970,106298200
1992-01-01,9.412854,11.766068,9.361474,11.221437,8.375939,205872300
1992-02-01,11.221437,12.927260,11.180333,12.639531,9.448334,149865700
1992-03-01,12.639531,12.906709,11.889380,12.464839,9.317749,122743200
1992-04-01,12.464839,13.112229,11.971588,11.981865,8.956715,174113600
1992-05-01,11.981865,13.523271,11.940761,12.495667,9.353193,150991400
1992-06-01,12.495667,13.153334,11.385854,11.879105,8.891686,99524700
1992-07-01,11.879105,12.125730,11.180333,11.838000,8.860916,69298400
1992-08-01,11.838000,12.084625,10.769292,11.344750,8.503958,68975300
1992-09-01,11.344750,12.331250,11.262542,11.920208,8.935312,61739900
1992-10-01,11.920208,13.235541,10.933708,12.947812,9.705599,78688300
1992-11-01,12.947812,13.893209,12.701187,13.872656,10.414385,74747600
1992-12-01,13.769896,14.879708,13.030021,14.139833,10.614960,108072300
1993-01-01,14.098729,15.331854,13.728791,15.003021,11.262965,79830300
1993-02-01,15.003021,15.742896,13.975417,14.591979,10.967730,74688100
1993-03-01,14.591979,15.126333,14.098729,14.633083,10.998627,81725400
1993-04-01,14.633083,14.838604,12.865604,13.399959,10.071777,73416000
1993-05-01,13.399959,14.715292,12.577875,14.468667,10.890437,90155600
1993-06-01,14.468667,14.633083,13.276646,13.399959,10.086031,64236100
1993-07-01,13.399959,13.482166,11.838000,12.331250,9.281625,123958700
1993-08-01,12.331250,13.399959,11.920208,12.906709,9.729568,82956600
1993-09-01,12.906709,13.605479,12.331250,12.413458,9.357739,102845000
1993-10-01,12.413458,14.715292,12.207937,14.139833,10.659147,126515300
1993-11-01,14.139833,14.427563,12.454562,13.112229,9.900763,105859800
1993-12-01,13.358854,14.920813,13.358854,14.016521,10.583573,83797400
1994-01-01,14.016521,15.907312,13.728791,15.537375,11.731939,104167100
1994-02-01,15.537375,15.989521,14.715292,15.784000,11.935321,72332100
1994-03-01,15.784000,15.866208,13.441063,13.811000,10.443404,82860100
1994-04-01,13.811000,14.386458,13.030021,13.975417,10.567736,61873200
1994-05-01,13.975417,14.591979,13.399959,14.263145,10.804709,56461300
1994-06-01,14.263145,14.879708,13.646584,13.687688,10.368785,69498300
1994-07-01,13.769896,14.509770,13.358854,13.934313,10.555610,57243100
1994-08-01,13.934313,14.715292,13.482166,13.564375,10.293537,75287400
1994-09-01,13.564375,14.098729,12.742291,12.742291,9.669685,91145300
1994-10-01,12.742291,13.194437,12.413458,12.988916,9.856844,84488600
1994-11-01,12.988916,14.633083,12.742291,14.304250,10.876189,93580100
1994-12-01,14.304250,15.414063,13.811000,15.126333,11.501259,70709600
1995-01-01,15.126333,16.893812,14.797500,16.729395,12.720140,105127400
1995-02-01,16.729395,17.839209,16.647188,17.551479,13.367004,76400200
1995-03-01,17.551479,18.496876,17.469271,17.592583,13.398304,103407500
1995-04-01,17.674791,18.620188,17.674791,18.209146,13.867869,58491600
1995-05-01,18.209146,18.373562,17.345959,18.250250,13.922222,70185500
1995-06-01,18.250250,19.730000,18.085833,18.250250,13.922222,83108800
1995-07-01,18.250250,20.182146,16.606083,19.277855,14.706128,97951300
1995-08-01,19.565584,20.675396,18.373562,18.496876,14.133496,136238100
1995-09-01,18.496876,19.442270,17.921417,18.866812,14.416164,71558900
1995-10-01,18.866812,19.154541,18.126938,18.949020,14.478976,59401000
1995-11-01,18.949020,21.127542,18.661291,19.771105,15.131511,93210700
1995-12-01,19.812208,20.716499,19.277855,19.360062,14.816925,74632800
1996-01-01,19.442270,21.168646,19.442270,21.127542,16.194189,101667900
1996-02-01,21.045334,21.744104,19.935520,21.538584,16.509253,108117300
1996-03-01,21.538584,22.977230,20.880917,21.004229,16.099672,151706300
1996-04-01,21.127542,21.579687,19.647791,20.387667,15.627082,118310300
1996-05-01,20.305458,20.798708,19.031229,19.976625,15.338535,109032000
1996-06-01,19.976625,20.963125,19.565584,20.675396,15.875066,86146000
1996-07-01,20.634293,20.634293,17.510374,18.291353,14.044543,134724400
1996-08-01,18.414667,19.647791,18.414667,18.743500,14.419295,69445900
1996-09-01,18.743500,21.004229,18.291353,20.798708,16.000362,77538200
1996-10-01,20.798708,22.011282,20.552084,21.661896,16.664398,66188300
1996-11-01,21.661896,25.402374,21.415272,24.292562,18.720524,97753000
1996-12-01,24.292562,24.498083,22.648396,22.936125,17.675220,84097000
1997-01-01,22.936125,24.580292,21.826313,23.963730,18.467121,111839800
1997-02-01,23.963730,26.060041,23.676001,24.415874,18.845652,76626900
1997-03-01,24.415874,25.525688,23.593792,23.963730,18.496660,75871600
1997-04-01,23.963730,27.128750,23.141645,26.882126,20.749254,93644000
1997-05-01,26.882126,27.991938,26.224459,26.923229,20.818184,73195400
1997-06-01,26.923229,27.745312,25.895624,26.388874,20.404991,88005000
1997-07-01,26.224459,26.861572,24.272011,26.573843,20.548021,133212500
1997-08-01,26.573843,26.758812,24.991333,25.258511,19.564039,87796200
1997-09-01,25.320168,26.779364,24.477531,26.512188,20.535072,75107700
1997-10-01,26.573843,28.875677,24.662500,27.087646,20.980797,98024700
1997-11-01,27.354822,31.362478,27.313719,31.218615,24.217434,85601000
1997-12-01,31.218615,32.965542,30.273218,32.554501,25.253729,89186800
1998-01-01,32.554501,35.637314,30.766468,35.144062,27.262547,101673800
1998-02-01,35.144062,38.062458,35.020748,36.808781,28.592281,75007100
1998-03-01,36.808781,36.808781,33.787624,35.102959,27.267239,96720900
1998-04-01,35.102959,41.967354,34.506947,40.960300,31.817089,130654800
1998-05-01,40.960300,42.213978,35.863384,37.240376,28.969774,119700700
1998-06-01,37.240376,39.357239,34.363083,34.548054,26.875378,167382800
1998-07-01,34.876884,39.768280,33.541000,33.972595,26.427717,185021700
1998-08-01,34.034248,34.712467,25.649000,27.067093,21.084883,123238200
1998-09-01,27.375376,31.444687,23.552687,25.032438,19.499918,175675300
1998-10-01,24.909124,27.622000,22.196251,26.573843,20.700647,118454800
1998-11-01,27.067093,32.677811,27.067093,31.752968,24.785912,128613600
1998-12-01,31.568001,33.294376,29.163406,29.594999,23.101431,113165400
1999-01-01,29.594999,38.165218,28.855125,32.554501,25.411573,185484400
1999-02-01,32.801125,35.514000,32.369530,34.712467,27.096048,108379300
1999-03-01,34.712467,36.192219,30.643156,30.704813,23.967739,141470400
1999-04-01,30.704813,35.514000,29.718313,31.321375,24.449015,158287100
1999-05-01,31.198063,31.198063,28.115250,28.731813,22.427643,142680900
1999-06-01,28.731813,30.828125,28.176907,30.396532,23.727100,117839000
1999-07-01,29.533344,29.533344,26.327219,27.190407,21.224440,202949800
1999-08-01,27.190407,29.779968,24.847469,27.375376,21.368824,139389900
1999-09-01,27.375376,29.225063,24.785812,25.649000,20.021244,101998300
1999-10-01,25.279062,27.498688,23.059437,26.142250,20.406261,123163500
1999-11-01,25.710657,28.608500,23.059437,27.498688,21.509569,225019900
1999-12-01,27.498688,29.594999,26.758812,28.855125,22.767233,166911000
2000-01-01,28.855125,37.487000,28.361876,35.822281,28.264452,247071300
2000-02-01,35.822281,38.473499,30.581499,33.541000,26.464476,144199000
2000-03-01,33.541000,41.926250,32.554501,40.693127,32.107639,185072200
2000-04-01,40.693127,43.036064,36.562157,43.036064,33.956268,111136500
2000-05-01,43.036064,43.282688,37.671970,41.617970,32.837357,110547100
2000-06-01,41.617970,41.987907,37.240376,38.288532,30.210365,87971600
2000-07-01,38.165218,38.781780,34.897438,38.041904,30.015772,86321800
2000-08-01,38.473499,42.419498,36.932095,38.427258,30.319828,103292800
2000-09-01,38.427258,40.939751,36.315533,37.733624,29.772532,69093100
2000-10-01,37.980251,41.371346,33.047749,35.329033,27.875267,112361000
2000-11-01,35.329033,37.733624,27.498688,28.546844,22.523994,137910200
2000-12-01,28.731813,31.568001,25.649000,28.546844,22.523994,114906500
2001-01-01,28.053595,33.541000,27.252062,30.038925,23.864586,136977800
2001-02-01,30.038925,32.534771,29.200399,30.532175,24.256451,105872000
2001-03-01,30.532175,30.581499,25.708191,28.213900,22.414680,137163900
2001-04-01,28.213900,31.568001,26.112656,29.841625,23.707840,106078900
2001-05-01,29.871220,34.330200,29.447025,31.193130,24.781551,118273600
2001-06-01,31.193130,31.972466,26.980776,28.499985,22.641964,102689700
2001-07-01,28.499985,28.628229,25.678595,25.994274,20.651291,118250900
2001-08-01,26.191574,27.602270,24.090330,25.086695,19.930258,115700500
2001-09-01,24.761150,25.698324,15.290750,18.368629,14.593058,310771600
2001-10-01,18.368629,20.213385,17.569565,18.339035,14.569546,185159000
2001-11-01,18.388359,21.614216,17.806326,20.193655,16.042959,204301700
2001-12-01,20.193655,22.590851,19.236750,20.440281,16.238892,167535800
2002-01-01,20.617849,23.281401,19.749729,20.775690,16.680510,165679400
2002-02-01,22.146925,24.267900,20.913799,22.689501,18.217083,161979100
2002-03-01,22.640175,24.662500,22.344225,22.768419,18.280441,141963600
2002-04-01,22.344225,24.830206,21.801649,22.867069,18.359646,158858300
2002-05-01,23.113695,24.642771,22.294901,22.600716,18.145792,116813500
2002-06-01,22.689501,23.044640,18.200926,18.644850,14.969687,178854700
2002-07-01,18.644850,19.730000,14.698850,17.490644,14.042993,192059500
2002-08-01,17.204559,17.313074,13.298020,15.468320,12.419294,262813700
2002-09-01,15.369670,16.415359,14.343710,14.935610,11.991590,156122200
2002-10-01,15.044125,17.904976,13.712350,16.474550,13.227183,228562900
2002-11-01,16.523874,19.927299,16.306845,19.552429,15.698370,144297400
2002-12-01,19.631350,19.966761,15.290750,16.089815,12.918284,147782600
2003-01-01,16.573200,18.289709,16.030624,17.263750,14.033776,147869500
2003-02-01,17.421591,17.559700,15.665620,16.829691,13.680926,120868100
2003-03-01,16.869150,18.487009,14.639660,16.790230,13.648849,195078000
2003-04-01,16.790230,19.019720,16.691580,18.408091,14.964014,201007100
2003-05-01,18.447550,19.582026,17.214424,19.384726,15.757926,185501000
2003-06-01,19.631350,21.259075,18.595526,19.483376,15.838118,209444800
2003-07-01,19.493240,21.929895,19.138100,21.624081,17.578304,179227900
2003-08-01,22.077869,23.478701,19.877975,20.223249,16.439568,178923500
2003-09-01,20.450146,21.249210,19.512970,19.897705,16.174931,197218100
2003-10-01,20.144329,22.640175,20.085140,22.334360,18.155697,158180600
2003-11-01,22.541525,23.439240,22.077869,22.778284,18.516565,118906100
2003-12-01,22.778284,23.241940,21.268940,23.015045,18.709032,177670400
2004-01-01,23.172886,24.741421,22.669769,23.676001,19.429295,185082700
2004-02-01,23.478701,28.026464,22.590851,26.171844,21.477467,408997500
2004-03-01,26.438200,26.684826,24.218575,24.652636,20.230751,202173700
2004-04-01,24.761150,26.290224,22.590851,22.719095,18.644024,208252500
2004-05-01,22.867069,23.606945,21.101234,23.153154,19.000231,167273600
2004-06-01,23.478701,25.254400,23.064369,25.145885,20.635529,149131400
2004-07-01,24.997910,25.155750,22.265305,22.778284,18.692598,116479500
2004-08-01,22.788151,22.867069,20.598120,22.146925,18.174482,144088600
2004-09-01,22.156790,23.330725,21.702999,22.245575,18.255442,130669000
2004-10-01,22.255440,24.958450,22.206116,24.879530,20.416952,158000300
2004-11-01,24.790745,27.079426,24.455336,26.517120,21.760807,126133600
2004-12-01,26.605906,27.651594,26.319820,27.424700,22.505600,111567700
2005-01-01,27.434565,28.549311,26.684826,28.243496,23.384626,144730500
2005-02-01,28.361876,29.585135,27.138615,27.562811,22.821041,130209000
2005-03-01,27.592405,28.608500,27.099155,28.342146,23.466305,146518100
2005-04-01,28.401335,28.608500,25.362915,26.043600,21.563187,119468600
2005-05-01,26.211306,27.641729,25.668730,27.069559,22.412649,135337600
2005-06-01,27.138615,27.612135,24.780880,24.840071,20.566710,141307200
2005-07-01,24.879530,26.142250,24.021275,25.293859,20.942430,142031500
2005-08-01,25.293859,26.112656,24.583580,24.849936,20.574879,169209500
2005-09-01,24.751286,24.997910,22.590851,23.804245,19.709082,196731900
2005-10-01,23.804245,24.662500,22.580984,24.041004,19.905107,180918200
2005-11-01,23.952221,25.836435,23.952221,24.593445,20.362511,188756300
2005-12-01,24.711824,25.353050,23.626675,23.646404,19.578394,156319600
2006-01-01,23.754919,26.142250,23.449104,24.968315,20.892643,300628700
2006-02-01,24.810474,28.105385,24.563850,27.612135,23.104908,271809900
2006-03-01,27.622000,28.460526,26.694691,27.513485,23.022356,199001800
2006-04-01,27.493755,27.868626,26.388874,27.582541,23.080141,136266000
2006-05-01,27.631865,30.117846,27.256994,30.088249,25.176836,323006000
2006-06-01,30.088249,30.611095,27.572676,29.594999,24.764103,275015400
2006-07-01,29.782434,30.038925,27.769976,29.289185,24.508204,210973400
2006-08-01,29.249725,29.713381,28.302685,29.249725,24.475187,217465200
2006-09-01,29.417431,31.035290,28.904449,30.492716,25.515280,184666400
2006-10-01,30.374334,31.558134,29.989599,31.035290,25.969288,156079400
2006-11-01,31.124075,33.393024,30.966234,32.603825,27.281786,219949800
2006-12-01,32.603825,34.418983,32.317741,33.807354,28.288858,166302300
2007-01-01,33.748165,35.484406,33.491676,34.695206,29.294712,215005000
2007-02-01,34.616283,35.602783,32.209225,33.787624,28.528402,220199700
2007-03-01,33.274647,34.941830,32.830719,33.965195,28.678328,235213600
2007-04-01,33.935600,34.991154,33.777760,34.507771,29.136442,175109600
2007-05-01,34.616283,36.293335,34.616283,34.961559,29.519602,217666800
2007-06-01,34.931965,35.405483,33.000000,34.139999,28.825920,251947300
2007-07-01,34.380001,35.380001,32.990002,33.000000,27.863373,206024100
2007-08-01,32.880001,34.930000,31.250000,33.599998,28.369978,268699200
2007-09-01,33.509998,34.950001,33.000000,34.389999,29.037008,173298600
2007-10-01,34.380001,35.689999,33.570000,34.630001,29.239653,174596000
2007-11-01,34.509998,34.709999,30.680000,33.150002,27.990023,219617300
2007-12-01,33.060001,33.500000,31.709999,32.279999,27.255442,193431800
2008-01-01,32.320000,32.630001,26.299999,29.840000,25.467411,311584700
2008-02-01,30.750000,33.230000,30.049999,32.410000,27.660820,273015700
2008-03-01,32.610001,32.709999,30.049999,31.379999,26.781746,228129500
2008-04-01,31.520000,33.029999,29.570000,32.430000,27.677889,253682300
2008-05-01,32.450001,35.020000,32.419998,33.599998,28.676441,265545100
2008-06-01,33.500000,34.709999,31.139999,31.200001,26.628126,304091100
2008-07-01,30.910000,31.770000,28.549999,30.350000,25.902678,346983800
2008-08-01,30.500000,33.419998,29.830000,32.349998,27.609606,238231600
2008-09-01,32.740002,34.849998,29.250000,30.690001,26.192856,335173700
2008-10-01,30.299999,31.059999,21.250000,25.910000,22.113289,462241800
2008-11-01,25.850000,26.240000,18.600000,22.520000,19.220041,390996800
2008-12-01,22.040001,26.100000,20.270000,22.690001,19.365133,341523600
2009-01-01,22.760000,24.830000,19.950001,20.680000,17.914225,278390800
2009-02-01,20.080000,20.790001,16.420000,16.770000,14.527155,399424800
2009-03-01,16.480000,19.139999,15.140000,18.160000,15.731254,365733300
2009-04-01,17.920000,22.570000,17.840000,21.900000,18.971058,356457800
2009-05-01,21.760000,26.290001,21.120001,24.219999,20.980778,329523500
2009-06-01,24.830000,25.639999,22.549999,23.330000,20.209808,230511000
2009-07-01,23.500000,26.840000,22.049999,25.120001,21.760410,281638600
2009-08-01,25.520000,27.299999,24.889999,26.040001,22.557373,242643100
2009-09-01,25.889999,28.680000,25.250000,27.459999,23.787457,284735300
2009-10-01,27.760000,29.980000,26.840000,27.370001,23.709496,237933500
2009-11-01,27.379999,30.930000,27.010000,30.219999,26.178328,241033300
2009-12-01,30.440001,32.750000,30.299999,32.250000,27.936832,237870600
2010-01-01,32.500000,32.750000,28.709999,29.549999,25.893133,232174700
2010-02-01,29.600000,31.520000,28.990000,31.240000,27.373993,230552400
2010-03-01,31.400000,35.599998,31.340000,34.910000,30.589825,306740800
2010-04-01,35.070000,37.490002,35.009998,36.840000,32.280991,237911900
2010-05-01,36.950001,37.980000,31.000000,33.419998,29.284214,381609800
2010-06-01,33.060001,35.830002,31.360001,31.500000,27.601816,288582900
2010-07-01,31.469999,34.799999,30.719999,33.689999,29.520802,227267000
2010-08-01,34.139999,35.410000,31.549999,32.540001,28.513113,225905800
2010-09-01,33.000000,34.990002,32.680000,33.099998,29.003817,214082100
2010-10-01,33.299999,36.520000,33.080002,36.130001,31.658848,235383500
2010-11-01,36.209999,38.000000,35.150002,36.509998,31.991819,277550300
2010-12-01,37.150002,37.990002,36.509998,37.509998,32.868069,157233100
2011-01-01,37.740002,40.000000,37.619999,38.869999,34.432308,196560600
2011-02-01,39.040001,44.049999,39.040001,43.740002,38.746319,248538800
2011-03-01,43.630001,44.340000,40.419998,43.090000,38.170525,213021500
2011-04-01,43.230000,43.380001,40.459999,43.099998,38.179375,147489900
2011-05-01,43.470001,44.130001,40.549999,41.630001,36.877209,219206400
2011-06-01,41.529999,41.590000,37.189999,39.040001,34.582905,235019900
2011-07-01,39.150002,40.970001,38.459999,38.619999,34.210854,217774800
2011-08-01,38.730000,38.750000,29.600000,34.060001,30.171459,491399200
2011-09-01,34.090000,34.330002,29.049999,30.160000,26.716707,278302800
2011-10-01,30.030001,36.599998,28.190001,34.880001,30.897839,237605600
2011-11-01,34.430000,37.419998,33.279999,35.849998,31.757097,302233800
2011-12-01,36.029999,37.799999,34.509998,37.500000,33.218723,191766800
2012-01-01,37.970001,40.250000,37.939999,38.900002,35.037540,211135700
2012-02-01,39.250000,42.369999,38.560001,41.990002,37.820728,202164000
2012-03-01,42.130001,44.500000,41.700001,43.779999,39.432999,190630500
2012-04-01,43.590000,44.000000,40.880001,43.110001,38.829517,136072000
2012-05-01,43.180000,46.099998,42.840000,45.709999,41.171356,235329800
2012-06-01,45.150002,48.950001,44.139999,48.500000,43.684338,202963900
2012-07-01,48.619999,50.540001,46.849998,49.139999,44.260784,177535700
2012-08-01,49.330002,50.650002,48.130001,49.470001,44.558025,175338200
2012-09-01,49.520000,53.400002,49.230000,52.279999,47.089012,162824600
2012-10-01,52.310001,53.150002,48.799999,49.119999,44.242771,159711500
2012-11-01,49.279999,50.990002,46.529999,49.660000,44.729160,218866700
2012-12-01,49.770000,51.060001,48.549999,49.790001,44.846249,159328600
2013-01-01,50.799999,54.869999,50.180000,53.880001,49.275391,186436300
2013-02-01,54.180000,55.950001,53.410000,54.590000,49.924717,183387500
2013-03-01,54.310001,57.820000,54.299999,56.799999,51.945843,135853800
2013-04-01,56.889999,63.250000,56.150002,62.840000,57.469662,181634900
2013-05-01,62.880001,67.889999,62.799999,63.080002,57.689152,202249600
2013-06-01,63.060001,65.550003,61.820000,63.150002,57.753166,151203100
2013-07-01,63.840000,67.360001,62.570000,64.650002,59.124977,132449900
2013-08-01,65.160004,67.160004,60.410000,60.830002,55.631439,161728900
2013-09-01,61.419998,67.650002,60.520000,64.489998,58.978645,207271000
2013-10-01,64.370003,69.870003,63.099998,68.589996,62.728268,149885600
2013-11-01,68.709999,71.690002,66.720001,70.540001,64.511627,127300800
2013-12-01,70.790001,76.540001,68.800003,76.400002,69.870819,139787700
2014-01-01,76.040001,76.839996,71.120003,72.610001,67.224533,144225600
2014-02-01,72.660004,81.589996,69.849998,80.809998,74.816330,159959800
2014-03-01,80.300003,83.650002,77.279999,80.070000,74.131210,147818100
2014-04-01,80.389999,82.849998,76.309998,79.339996,73.455360,141470400
2014-05-01,79.349998,84.389999,79.209999,84.010002,77.778984,135289000
2014-06-01,84.269997,86.070000,81.800003,85.739998,79.380669,129981800
2014-07-01,85.809998,87.629997,84.870003,85.879997,79.510277,120676600
2014-08-01,85.389999,91.139999,85.209999,89.879997,83.213600,119719000
2014-09-01,90.180000,91.199997,87.360001,89.029999,82.426651,112146900
2014-10-01,89.080002,91.980003,78.540001,91.379997,84.602356,196405200
2014-11-01,91.239998,92.959999,88.650002,92.510002,85.648537,129883200
2014-12-01,92.629997,95.930000,90.129997,94.190002,87.203941,145232700
2015-01-01,94.910004,96.430000,90.830002,90.959999,85.283859,139500600
2015-02-01,91.300003,105.980003,90.059998,104.080002,97.585129,150289300
2015-03-01,104.349998,108.940002,102.870003,104.889999,98.344597,127784500
2015-04-01,105.430000,111.660004,104.250000,108.720001,101.935577,118683000
2015-05-01,109.949997,113.300003,107.669998,110.370003,103.482613,121219000
2015-06-01,111.480003,115.279999,107.650002,114.139999,107.017365,132415500
2015-07-01,114.949997,120.720001,114.269997,120.000000,112.511681,128648900
2015-08-01,120.879997,122.080002,90.000000,101.879997,96.077972,409039800
2015-09-01,99.309998,105.949997,97.769997,102.199997,96.379753,191307900
2015-10-01,102.970001,115.400002,99.879997,113.739998,107.262558,160006200
2015-11-01,114.489998,120.650002,110.809998,113.470001,107.007942,193950600
2015-12-01,114.150002,115.470001,104.300003,105.080002,99.095741,229165100
2016-01-01,103.120003,103.430000,90.419998,95.820000,90.942345,222765600
2016-02-01,95.080002,97.000000,86.250000,95.519997,90.657616,211432100
2016-03-01,95.900002,100.370003,95.529999,99.309998,94.254692,143110700
2016-04-01,98.800003,105.599998,95.800003,103.260002,98.003609,149298100
2016-05-01,103.300003,106.750000,97.510002,99.220001,94.169266,179880700
2016-06-01,98.669998,100.959999,94.000000,97.820000,92.840530,154881400
2016-07-01,97.750000,100.800003,95.820000,95.949997,91.065720,129156600
2016-08-01,96.150002,99.269997,94.160004,94.459999,90.302818,186980800
2016-09-01,94.730003,94.959999,91.190002,92.860001,88.773232,164603500
2016-10-01,92.470001,94.400002,90.320000,92.690002,88.610710,139393400
2016-11-01,92.779999,100.290001,91.660004,99.120003,94.757736,187624400
2016-12-01,99.129997,106.260002,98.250000,104.220001,99.633278,178818000
2017-01-01,105.300003,111.050003,105.209999,110.650002,106.595520,146529700
2017-02-01,110.709999,111.989998,108.580002,110.089996,106.056030,130198500
2017-03-01,110.660004,113.709999,110.040001,113.389999,109.235123,128977500
2017-04-01,113.180000,116.099998,112.040001,115.599998,111.364136,97240300
2017-05-01,115.589996,115.610001,105.230003,107.940002,103.984833,173480500
2017-06-01,107.730003,108.639999,103.169998,106.250000,102.356750,168401900
2017-07-01,106.760002,110.190002,102.720001,109.930000,105.901901,114387900
2017-08-01,109.980003,110.830002,100.500000,101.199997,98.217041,196946900
2017-09-01,101.650002,102.550003,96.199997,98.570000,95.664566,192634400
2017-10-01,99.309998,100.980003,96.800003,97.809998,94.926971,136249500
2017-11-01,98.129997,106.260002,97.900002,104.820000,101.730347,172385900
2017-12-01,104.580002,112.669998,103.870003,107.510002,104.341057,204095500
2018-01-01,108.949997,113.190002,108.470001,108.669998,106.315285,161521100
2018-02-01,108.620003,110.650002,100.260002,103.160004,100.924683,187750900
2018-03-01,103.199997,105.940002,98.150002,100.440002,98.263618,154204900
2018-04-01,100.180000,102.709999,97.699997,100.330002,98.155998,159399600
2018-05-01,100.180000,105.489998,97.680000,99.470001,97.314636,195097400
2018-06-01,99.690002,109.489998,99.199997,104.809998,102.538918,205417800
2018-07-01,104.150002,114.680000,103.500000,113.559998,111.099319,153023200
2018-08-01,113.680000,117.900002,111.440002,112.019997,110.473625,135849100
2018-09-01,111.800003,117.459999,108.230003,116.940002,115.325714,143771100
2018-10-01,117.279999,119.690002,110.320000,114.830002,113.244843,178593100
2018-11-01,115.199997,120.199997,111.519997,115.489998,113.895729,179965100
2018-12-01,116.650002,116.919998,100.349998,109.650002,108.136353,163486600
2019-01-01,108.099998,113.180000,105.940002,111.519997,110.833626,154319500
2019-02-01,111.970001,115.800003,109.150002,112.839996,112.145500,162350800
2019-03-01,113.449997,115.480003,107.320000,111.029999,110.346642,333771400
2019-04-01,111.589996,142.369995,111.379997,136.970001,136.126984,355199600
2019-05-01,137.490005,138.169998,130.550003,132.039993,131.227325,208497300
2019-06-01,132.020004,143.509995,131.490005,139.639999,138.780548,195325700
2019-07-01,140.449997,147.149994,139.220001,143.009995,142.129807,162259500
2019-08-01,143.339996,144.529999,131.020004,137.259995,137.259995,214762100
2019-09-01,136.369995,140.080002,128.919998,130.320007,130.320007,161822400
2019-10-01,130.800003,133.679993,127.540001,129.919998,129.919998,164542300
2019-11-01,130.990005,153.410004,130.509995,151.580002,151.580002,291068300
