1970-01-01,6.851563,7.171875,6.226563,6.273438,0.385951,5204800
1970-02-01,6.273438,6.867188,6.226563,6.812500,0.419116,6096000
1970-03-01,6.812500,6.859375,6.265625,6.531250,0.401812,4857600
1970-04-01,6.562500,6.679688,5.781250,5.859375,0.360478,7051200
1970-05-01,5.859375,5.921875,4.843750,5.281250,0.324910,9283200
1970-06-01,5.281250,5.515625,4.703125,4.718750,0.291725,10083200
1970-07-01,4.718750,5.085938,4.437500,5.046875,0.312010,8486400
1970-08-01,5.046875,5.601563,4.875000,5.492188,0.339540,8254400
1970-09-01,5.492188,5.679688,5.257813,5.523438,0.343398,8310400
1970-10-01,5.523438,5.648438,5.421875,5.531250,0.343884,9627200
1970-11-01,5.531250,5.671875,5.304688,5.617188,0.349226,17787200
1970-12-01,5.617188,6.187500,5.539063,6.187500,0.386638,7270400
1971-01-01,6.140625,6.187500,5.945313,6.187500,0.386638,7020800
1971-02-01,6.210938,6.515625,6.187500,6.484375,0.405188,7136000
1971-03-01,6.484375,7.226563,6.437500,7.046875,0.442350,6681600
1971-04-01,7.046875,7.421875,7.000000,7.156250,0.449216,5484800
1971-05-01,7.156250,7.195313,6.875000,7.125000,0.447255,10067200
1971-06-01,7.125000,7.742188,7.078125,7.609375,0.479634,8390400
1971-07-01,7.570313,7.570313,7.140625,7.203125,0.454028,5920000
1971-08-01,7.203125,7.734375,6.921875,7.460938,0.470278,6672000
1971-09-01,7.460938,7.679688,7.437500,7.648438,0.483992,4446400
1971-10-01,7.648438,7.898438,7.390625,7.500000,0.474599,3924800
1971-11-01,7.500000,7.789063,7.257813,7.625000,0.482508,6273600
1971-12-01,7.656250,8.437500,7.656250,8.437500,0.536005,5011200
1972-01-01,8.437500,8.468750,8.078125,8.390625,0.533027,3523200
1972-02-01,8.406250,8.835938,8.406250,8.796875,0.558835,4460800
1972-03-01,8.796875,9.351563,8.734375,9.210938,0.587179,4350400
1972-04-01,9.250000,9.296875,8.734375,8.812500,0.561780,7977600
1972-05-01,8.812500,9.921875,8.625000,9.585938,0.611085,4988800
1972-06-01,9.585938,10.062500,9.203125,9.531250,0.609570,3326400
1972-07-01,9.562500,10.421875,9.562500,10.312500,0.659535,3279200
1972-08-01,10.312500,10.718750,9.687500,9.984375,0.638549,4041600
1972-09-01,10.000000,10.187500,9.406250,9.984375,0.640365,3267200
1972-10-01,9.984375,10.390625,9.484375,10.375000,0.665419,3957600
1972-11-01,10.375000,10.890625,10.156250,10.609375,0.680451,4575200
1972-12-01,10.609375,10.750000,10.250000,10.703125,0.688497,3772000
1973-01-01,10.703125,11.109375,10.484375,10.531250,0.677440,4038400
1973-02-01,10.531250,10.609375,10.031250,10.125000,0.651307,6972800
1973-03-01,10.125000,10.812500,9.890625,10.562500,0.681504,6580000
1973-04-01,10.562500,10.687500,9.687500,9.765625,0.630089,5547200
1973-05-01,9.765625,10.734375,9.531250,10.343750,0.667390,6949600
1973-06-01,10.343750,10.562500,10.171875,10.468750,0.677579,4151200
1973-07-01,10.468750,10.750000,9.859375,10.687500,0.691737,7076000
1973-08-01,10.687500,10.937500,10.234375,10.750000,0.695782,6879200
1973-09-01,10.734375,11.453125,10.062500,11.187500,0.726499,8032800
1973-10-01,11.187500,11.375000,10.500000,10.812500,0.702147,4749600
1973-11-01,10.812500,11.125000,9.750000,9.765625,0.634165,7896000
1973-12-01,9.750000,9.984375,8.750000,9.750000,0.635206,7664000
1974-01-01,9.750000,10.062500,8.968750,9.500000,0.618918,6688000
1974-02-01,9.500000,9.734375,8.562500,9.593750,0.625026,5644000
1974-03-01,9.593750,9.890625,9.218750,9.281250,0.607422,5713600
1974-04-01,9.281250,9.531250,8.765625,8.937500,0.584925,5150400
1974-05-01,8.937500,9.281250,8.625000,8.828125,0.577767,7622400
1974-06-01,8.828125,9.828125,8.828125,9.187500,0.603988,5780800
1974-07-01,9.187500,9.218750,8.109375,8.125000,0.534139,8836000
1974-08-01,8.125000,8.671875,7.160156,7.500000,0.493051,7999200
1974-09-01,7.500000,7.531250,6.000000,6.125000,0.404698,7416800
1974-10-01,6.125000,7.906250,5.828125,7.703125,0.508970,10392000
1974-11-01,7.703125,7.796875,6.265625,6.593750,0.435670,7948800
1974-12-01,6.578125,6.578125,5.578125,5.765625,0.383128,7648800
1975-01-01,5.718750,5.906250,5.375000,5.750000,0.382090,13701600
1975-02-01,5.812500,6.812500,5.812500,6.750000,0.448541,14810400
1975-03-01,6.796875,7.296875,6.281250,6.375000,0.426595,14216800
1975-04-01,6.375000,7.484375,5.812500,7.484375,0.500831,18735200
1975-05-01,7.593750,8.421875,7.593750,8.218750,0.549973,12702400
1975-06-01,8.328125,8.500000,7.703125,8.406250,0.565494,7428000
1975-07-01,8.390625,8.390625,7.031250,7.156250,0.481406,8938400
1975-08-01,7.140625,7.312500,6.406250,6.890625,0.463537,7858400
1975-09-01,6.875000,6.906250,6.156250,6.375000,0.431483,9659200
1975-10-01,6.375000,7.500000,6.203125,7.203125,0.487534,9434400
1975-11-01,7.187500,7.750000,7.000000,7.671875,0.519260,8091200
1975-12-01,7.671875,7.734375,6.921875,6.937500,0.472175,8009600
1976-01-01,6.921875,7.859375,6.812500,7.828125,0.532792,12397600
1976-02-01,7.796875,7.875000,7.093750,7.156250,0.487063,13168000
1976-03-01,7.187500,8.140625,7.156250,8.015625,0.548858,16326400
1976-04-01,8.015625,8.031250,7.687500,7.734375,0.529600,12824000
1976-05-01,7.718750,7.718750,6.875000,6.875000,0.470755,11576800
1976-06-01,6.875000,7.390625,6.515625,6.953125,0.479134,14130400
1976-07-01,6.953125,7.828125,6.937500,7.546875,0.520049,12091200
1976-08-01,7.546875,8.078125,7.375000,7.734375,0.532969,11390400
1976-09-01,7.734375,8.328125,7.687500,8.046875,0.557702,10729600
1976-10-01,8.046875,8.093750,7.453125,7.531250,0.521966,9119200
1976-11-01,7.531250,7.546875,6.828125,7.125000,0.493810,9587200
1976-12-01,7.125000,7.234375,6.843750,7.078125,0.493710,14246400
1977-01-01,6.984375,7.125000,6.250000,6.312500,0.440307,15780800
1977-02-01,6.328125,6.578125,6.062500,6.375000,0.444666,14240800
1977-03-01,6.390625,6.765625,6.250000,6.265625,0.440747,9103200
1977-04-01,6.296875,6.546875,5.984375,6.062500,0.426459,10024000
1977-05-01,6.062500,6.562500,5.890625,6.000000,0.422062,10288000
1977-06-01,6.000000,6.281250,5.953125,6.171875,0.437884,10204800
1977-07-01,6.156250,6.421875,6.000000,6.265625,0.444535,8708000
1977-08-01,6.265625,6.640625,6.125000,6.515625,0.462272,11228000
1977-09-01,6.515625,6.609375,6.203125,6.328125,0.452771,8075200
1977-10-01,6.328125,6.375000,5.625000,6.000000,0.429294,10652000
1977-11-01,5.984375,6.281250,5.734375,6.046875,0.432648,8304000
1977-12-01,6.046875,6.093750,5.625000,6.062500,0.437485,13276000
1978-01-01,6.015625,6.015625,5.734375,5.859375,0.422827,10723200
1978-02-01,5.859375,5.937500,5.609375,5.640625,0.407041,6744000
1978-03-01,5.640625,5.750000,5.468750,5.468750,0.398905,10598400
1978-04-01,5.453125,6.562500,5.375000,6.390625,0.466149,19448800
1978-05-01,6.390625,7.000000,6.250000,6.671875,0.486664,15979200
1978-06-01,6.687500,7.250000,6.671875,6.875000,0.506081,11597600
1978-07-01,6.875000,7.484375,6.796875,7.468750,0.549788,12662400
1978-08-01,7.468750,8.250000,7.375000,7.750000,0.570491,19585600
1978-09-01,7.750000,8.203125,7.281250,7.281250,0.540141,10182400
1978-10-01,7.281250,7.906250,6.984375,7.140625,0.529708,18077600
1978-11-01,7.296875,7.750000,7.093750,7.421875,0.550573,17136000
1978-12-01,7.531250,8.000000,7.390625,7.890625,0.590327,17678400
1979-01-01,7.890625,8.250000,7.750000,7.750000,0.579806,21142400
1979-02-01,7.750000,7.828125,6.890625,7.046875,0.527203,10853600
1979-03-01,7.046875,7.484375,6.953125,7.234375,0.546767,12882400
1979-04-01,7.218750,7.515625,6.906250,7.000000,0.529054,11048000
1979-05-01,7.000000,7.171875,6.640625,6.921875,0.523149,13119200
1979-06-01,6.921875,7.281250,6.890625,7.046875,0.538339,12005600
1979-07-01,7.046875,7.062500,6.531250,6.640625,0.507304,16851200
1979-08-01,6.640625,7.250000,6.562500,6.984375,0.533564,24170400
1979-09-01,6.953125,6.953125,6.406250,6.468750,0.499396,23082400
1979-10-01,6.406250,6.562500,6.015625,6.250000,0.482508,20386400
1979-11-01,6.250000,6.390625,6.031250,6.203125,0.478889,13784800
1979-12-01,6.203125,6.453125,6.156250,6.281250,0.490840,17643200
1980-01-01,6.281250,6.312500,5.828125,6.187500,0.483514,28832800
1980-02-01,6.187500,6.796875,6.156250,6.250000,0.488399,26645600
1980-03-01,6.250000,6.312500,5.734375,6.218750,0.492430,19694400
1980-04-01,6.218750,6.734375,5.968750,6.593750,0.522124,17281600
1980-05-01,6.593750,7.031250,6.531250,6.781250,0.536971,16084800
1980-06-01,6.781250,7.046875,6.640625,6.640625,0.532568,13172000
1980-07-01,6.640625,7.421875,6.562500,7.343750,0.588958,19590400
1980-08-01,7.343750,7.578125,7.203125,7.234375,0.580185,16861600
1980-09-01,7.234375,7.859375,6.984375,7.453125,0.604785,19725600
1980-10-01,7.421875,7.421875,6.671875,6.984375,0.566748,19716000
1980-11-01,7.015625,7.656250,7.015625,7.578125,0.614928,14547200
1980-12-01,7.578125,7.578125,6.875000,7.375000,0.605725,19126400
1981-01-01,7.375000,7.906250,7.093750,7.265625,0.596741,26119200
1981-02-01,7.250000,7.921875,7.125000,7.843750,0.644224,17749600
1981-03-01,7.843750,8.109375,7.375000,7.890625,0.656527,20959200
1981-04-01,7.890625,8.125000,7.515625,7.562500,0.629226,16480800
1981-05-01,7.562500,7.640625,6.937500,7.031250,0.585024,20910400
1981-06-01,7.062500,7.687500,7.062500,7.187500,0.605998,20184800
1981-07-01,7.187500,7.218750,6.296875,6.781250,0.571746,30383200
1981-08-01,6.781250,6.828125,6.250000,6.421875,0.541446,16100000
1981-09-01,6.421875,6.484375,6.015625,6.250000,0.534573,15891200
1981-10-01,6.250000,6.656250,6.000000,6.203125,0.530564,18105600
1981-11-01,6.234375,6.796875,6.203125,6.781250,0.580013,25344800
1981-12-01,6.781250,6.921875,6.640625,6.812500,0.591317,21583200
1982-01-01,6.812500,7.046875,6.484375,7.015625,0.608949,22575200
1982-02-01,6.875000,7.078125,6.671875,6.859375,0.595386,21935200
1982-03-01,6.921875,7.031250,6.171875,6.812500,0.599966,34260800
1982-04-01,6.812500,7.140625,6.703125,6.859375,0.604094,23071200
1982-05-01,6.859375,7.171875,6.406250,6.421875,0.565564,18964000
1982-06-01,6.375000,6.796875,6.093750,6.656250,0.594779,21584000
1982-07-01,6.578125,7.078125,6.437500,6.640625,0.593382,26385600
1982-08-01,6.765625,7.796875,6.421875,7.687500,0.686927,52412000
1982-09-01,7.625000,8.500000,7.453125,7.953125,0.721554,54217600
1982-10-01,8.078125,9.578125,7.968750,9.093750,0.825038,57844000
1982-11-01,9.109375,9.921875,8.515625,9.265625,0.840632,35337600
1982-12-01,9.250000,9.671875,8.703125,9.375000,0.859710,36491200
1983-01-01,9.234375,10.125000,9.078125,9.406250,0.862576,27351200
1983-02-01,9.421875,10.078125,9.296875,9.765625,0.895531,26471200
1983-03-01,9.890625,10.312500,9.625000,9.765625,0.905327,33516000
1983-04-01,9.703125,10.796875,9.390625,10.625000,0.984995,37724800
1983-05-01,10.437500,11.031250,10.125000,10.843750,1.005275,36869600
1983-06-01,10.828125,11.312500,10.437500,10.468750,0.979897,28996000
1983-07-01,10.500000,10.718750,9.906250,9.937500,0.930171,27748800
1983-08-01,9.875000,10.031250,9.421875,9.796875,0.917009,29365600
1983-09-01,9.796875,10.562500,9.640625,10.390625,0.982916,24803200
1983-10-01,10.312500,11.187500,10.218750,10.625000,1.005086,30547200
1983-11-01,10.593750,11.078125,10.453125,10.703125,1.012476,23404000
1983-12-01,10.703125,10.750000,10.281250,10.312500,0.984906,23963200
1984-01-01,10.281250,10.640625,9.296875,9.687500,0.925214,39596800
1984-02-01,9.718750,9.968750,9.140625,9.421875,0.899845,33923200
1984-03-01,9.406250,9.750000,9.015625,9.093750,0.878250,24912800
1984-04-01,9.125000,9.468750,8.656250,9.453125,0.912957,27085600
1984-05-01,9.453125,9.859375,9.000000,9.359375,0.903903,28431200
1984-06-01,9.375000,10.031250,9.296875,9.640625,0.941812,27174400
1984-07-01,9.640625,9.718750,9.218750,9.437500,0.921967,26458400
1984-08-01,9.531250,10.687500,9.484375,10.312500,1.007448,55137600
1984-09-01,10.312500,10.312500,9.453125,9.453125,0.933035,36561600
1984-10-01,9.453125,10.640625,9.359375,10.171875,1.003976,35163200
1984-11-01,10.203125,10.593750,9.671875,9.781250,0.965420,29420000
1984-12-01,9.750000,10.156250,9.640625,9.828125,0.980209,27184000
1985-01-01,9.875000,10.593750,9.703125,10.546875,1.051893,49360800
1985-02-01,10.500000,10.750000,10.203125,10.250000,1.022284,41301600
1985-03-01,10.250000,10.593750,10.093750,10.281250,1.036196,39145600
1985-04-01,10.343750,10.359375,9.562500,9.625000,0.970055,39149600
1985-05-01,9.625000,9.828125,9.203125,9.375000,0.944859,58209600
1985-06-01,9.406250,9.843750,9.343750,9.750000,0.993874,47739200
1985-07-01,9.750000,10.203125,9.687500,10.000000,1.019359,56923200
1985-08-01,10.031250,10.093750,9.468750,9.562500,0.974762,28277600
1985-09-01,9.562500,9.656250,9.281250,9.500000,0.979540,27810400
1985-10-01,9.500000,9.890625,9.421875,9.718750,1.002096,27623200
1985-11-01,9.703125,10.593750,9.703125,10.546875,1.087484,40345600
1985-12-01,10.531250,11.453125,10.468750,11.218750,1.169433,59032800
1986-01-01,11.218750,11.468750,10.750000,11.359375,1.184091,52897600
1986-02-01,11.359375,12.437500,11.312500,12.343750,1.286701,48993600
1986-03-01,12.312500,13.500000,11.906250,13.156250,1.481351,48785600
1986-04-01,13.250000,13.437500,12.125000,13.093750,1.474315,57900800
1986-05-01,13.062500,13.468750,12.250000,13.328125,1.500704,48640000
1986-06-01,13.359375,14.343750,13.031250,14.218750,1.725704,45932800
1986-07-01,14.281250,14.375000,13.218750,13.875000,1.683985,54332800
1986-08-01,13.875000,14.203125,13.453125,14.046875,1.704844,44537600
1986-09-01,14.031250,14.500000,12.390625,12.578125,1.632348,62276800
1986-10-01,12.625000,13.968750,12.406250,13.656250,1.772263,49220800
1986-11-01,13.703125,14.234375,13.140625,14.000000,1.816873,43180800
1986-12-01,13.906250,14.859375,13.796875,14.578125,2.023926,52705600
1987-01-01,14.671875,17.468750,14.671875,16.171875,2.245192,81320800
1987-02-01,16.109375,17.375000,15.625000,15.937500,2.212652,61228000
1987-03-01,15.968750,16.812500,15.312500,16.171875,2.380994,71336800
1987-04-01,15.937500,17.125000,15.343750,15.968750,2.351087,85907200
1987-05-01,15.937500,16.640625,15.328125,15.984375,2.353387,54341600
1987-06-01,16.109375,18.250000,15.812500,17.718750,2.773564,52371600
1987-07-01,17.718750,18.531250,17.031250,18.437500,2.886071,44703200
1987-08-01,18.187500,20.875000,18.000000,19.968750,3.125764,52122800
1987-09-01,20.000000,20.812500,18.406250,20.437500,3.273421,57004400
1987-10-01,20.406250,20.875000,11.250000,14.750000,2.362468,85683200
1987-11-01,14.812500,16.156250,13.968750,14.562500,2.332437,47290000
1987-12-01,15.000000,16.687500,13.625000,16.093750,2.658629,50392400
1988-01-01,16.187500,16.875000,13.875000,15.125000,2.498596,49068800
1988-02-01,15.156250,15.531250,13.812500,14.750000,2.436645,45788800
1988-03-01,14.812500,16.218750,14.218750,14.375000,2.464389,61771600
1988-04-01,14.218750,15.718750,14.156250,14.781250,2.534034,48231600
1988-05-01,14.781250,15.593750,14.218750,15.437500,2.646540,35189600
1988-06-01,15.437500,16.718750,15.406250,16.500000,2.934353,51509200
1988-07-01,16.625000,16.625000,15.375000,15.968750,2.839874,35114000
1988-08-01,15.968750,16.218750,14.687500,15.093750,2.684264,35292400
1988-09-01,15.000000,16.375000,14.718750,16.093750,2.965374,33832400
1988-10-01,16.093750,16.156250,15.187500,15.187500,2.798394,44467600
1988-11-01,15.187500,15.312500,14.625000,15.093750,2.781117,41373600
1988-12-01,15.062500,15.812500,14.812500,15.500000,2.961491,30714400
1989-01-01,15.343750,17.375000,15.031250,17.125000,3.271969,49309600
1989-02-01,17.125000,17.343750,16.125000,16.281250,3.110759,48491600
1989-03-01,16.468750,17.437500,16.187500,16.750000,3.327065,36064000
1989-04-01,16.687500,18.125000,16.562500,17.875000,3.550526,35676800
1989-05-01,17.781250,18.843750,17.750000,18.187500,3.612598,47327200
1989-06-01,18.187500,18.625000,17.687500,17.812500,3.665390,39988400
1989-07-01,17.812500,19.000000,17.562500,19.000000,3.909748,38518000
1989-08-01,19.062500,20.093750,18.718750,19.750000,4.064081,42076000
1989-09-01,19.593750,19.812500,18.406250,18.781250,3.995190,35658800
1989-10-01,18.781250,18.937500,16.937500,17.906250,3.809058,49414000
1989-11-01,17.875000,19.312500,17.812500,19.250000,4.094903,24431600
1989-12-01,19.281250,20.468750,19.187500,19.906250,4.386836,29980000
1990-01-01,19.843750,21.000000,18.781250,19.531250,4.304194,45083600
1990-02-01,19.531250,20.531250,19.218750,20.031250,4.414381,33217600
1990-03-01,20.062500,21.312500,19.968750,20.343750,4.650911,39836000
1990-04-01,20.281250,21.093750,19.562500,19.843750,4.536603,27792400
1990-05-01,19.937500,21.093750,19.625000,20.656250,4.722351,46406000
1990-06-01,20.687500,21.906250,20.625000,21.656250,5.132633,39545200
1990-07-01,21.750000,22.843750,21.562500,22.593750,5.354825,36863200
1990-08-01,22.625000,22.812500,19.312500,19.687500,4.666030,47876400
1990-09-01,19.562500,20.062500,18.937500,19.281250,4.737690,28493600
1990-10-01,19.468750,20.093750,18.406250,19.750000,4.852868,48730800
1990-11-01,19.750000,20.437500,19.531250,20.312500,4.991080,39028400
1990-12-01,20.531250,21.843750,20.375000,21.437500,5.466411,28820000
1991-01-01,21.468750,21.593750,19.562500,21.218750,5.410632,56512400
1991-02-01,21.187500,23.437500,20.750000,22.125000,5.641719,45106000
1991-03-01,22.000000,22.968750,21.718750,22.125000,5.841448,33905200
1991-04-01,22.125000,22.656250,21.531250,22.281250,5.882702,34810000
1991-05-01,22.281250,23.812500,21.656250,23.812500,6.286982,34529600
1991-06-01,23.812500,24.375000,22.968750,23.406250,6.406882,31646800
1991-07-01,23.531250,23.531250,21.593750,21.937500,6.004845,35488400
1991-08-01,21.937500,22.250000,20.875000,21.718750,5.944968,30211600
1991-09-01,21.718750,22.593750,21.312500,22.531250,6.398147,23500800
1991-10-01,22.625000,23.343750,22.062500,22.750000,6.460268,25644000
1991-11-01,22.812500,23.187500,21.375000,21.687500,6.158550,26266800
1991-12-01,21.593750,23.812500,21.343750,23.812500,7.010538,29922800
1992-01-01,23.687500,24.687500,22.718750,22.750000,6.697731,33422400
1992-02-01,22.656250,23.437500,22.468750,22.750000,6.697731,22909200
1992-03-01,22.875000,22.968750,21.843750,22.187500,6.767517,30889200
1992-04-01,22.187500,24.125000,21.375000,23.437500,7.148786,30302400
1992-05-01,23.312500,24.250000,23.062500,23.906250,7.291764,22702400
1992-06-01,23.843750,24.343750,23.437500,24.250000,7.655149,22797200
1992-07-01,24.250000,25.156250,23.937500,25.000000,7.891909,25272000
1992-08-01,25.000000,25.312500,24.406250,24.625000,7.773528,17080800
1992-09-01,24.562500,25.937500,24.562500,25.625000,8.355927,23102400
1992-10-01,25.625000,26.281250,24.250000,25.718750,8.386498,23536000
1992-11-01,25.718750,26.750000,24.875000,25.500000,8.315166,23711200
1992-12-01,25.437500,26.406250,24.750000,25.156250,8.465115,31535600
1993-01-01,25.187500,25.250000,24.312500,24.500000,8.244285,34188000
1993-02-01,24.500000,27.437500,24.468750,26.375000,8.875223,39295600
1993-03-01,26.375000,27.937500,25.968750,27.375000,9.512872,27167200
1993-04-01,27.406250,29.000000,27.187500,27.812500,9.664906,29107600
1993-05-01,27.875000,28.937500,27.875000,28.218750,9.806080,20697600
1993-06-01,28.218750,29.250000,26.218750,27.000000,9.666572,39274000
1993-07-01,27.000000,27.812500,26.187500,26.250000,9.398054,24510000
1993-08-01,26.562500,27.500000,26.343750,27.406250,9.812014,25489600
1993-09-01,27.343750,27.343750,25.562500,25.718750,9.498156,24255200
1993-10-01,25.750000,27.000000,25.375000,25.937500,9.578942,23765600
1993-11-01,25.875000,27.625000,25.812500,27.250000,10.063658,25052400
1993-12-01,27.250000,28.375000,26.812500,27.187500,10.367615,22569200
1994-01-01,27.125000,28.187500,26.250000,26.812500,10.224609,33850000
1994-02-01,26.875000,27.531250,25.968750,26.343750,10.045856,30685200
1994-03-01,26.281250,26.562500,24.562500,24.750000,9.756083,44881600
1994-04-01,24.500000,26.000000,23.187500,24.500000,9.657535,29019800
1994-05-01,24.437500,25.937500,24.312500,25.500000,10.051718,21875800
1994-06-01,25.375000,26.187500,24.750000,24.812500,9.959115,22597400
1994-07-01,25.125000,26.687500,24.625000,26.562500,10.661517,19305000
1994-08-01,26.562500,28.406250,26.375000,27.562500,11.062899,22973200
1994-09-01,27.437500,28.562500,27.000000,27.625000,11.266631,22308800
1994-10-01,27.562500,28.312500,26.437500,27.687500,11.292120,19538800
1994-11-01,27.500000,27.562500,25.187500,25.625000,10.450942,20837400
1994-12-01,25.625000,26.875000,25.312500,26.687500,11.068047,21415600
1995-01-01,26.812500,27.000000,25.812500,26.187500,10.860683,24769200
1995-02-01,26.187500,27.375000,25.375000,27.375000,11.353170,25481400
1995-03-01,27.250000,29.437500,26.437500,29.062500,12.267560,28829200
1995-04-01,28.937500,30.375000,28.312500,29.812500,12.584148,18829200
1995-05-01,29.687500,31.062500,28.500000,30.000000,12.663294,31409200
1995-06-01,29.875000,30.375000,28.250000,28.687500,12.296842,27163800
1995-07-01,28.687500,30.062500,27.437500,28.312500,12.136103,36966000
1995-08-01,28.312500,28.875000,26.937500,27.312500,11.707458,39107000
1995-09-01,27.312500,28.500000,26.937500,28.187500,12.291167,46188800
1995-10-01,28.250000,29.000000,27.562500,28.437500,12.400181,29675400
1995-11-01,28.500000,33.125000,28.125000,32.687500,14.253390,45104000
1995-12-01,32.750000,34.937500,31.625000,33.187500,14.684597,33221600
1996-01-01,33.125000,34.312500,31.000000,32.250000,14.269778,36448600
1996-02-01,32.250000,34.937500,31.687500,32.562500,14.408045,33504000
1996-03-01,32.812500,33.375000,31.062500,32.312500,14.502427,32103600
1996-04-01,32.750000,33.250000,31.750000,32.875000,14.754888,26456400
1996-05-01,32.875000,35.375000,31.812500,34.125000,15.315908,35813200
1996-06-01,34.062500,35.187500,33.687500,34.500000,15.694983,23018800
1996-07-01,34.687500,35.687500,30.625000,32.500000,14.785129,30829400
1996-08-01,32.468750,34.375000,32.437500,34.375000,16.247393,26658200
1996-09-01,34.000000,35.875000,33.500000,34.875000,16.722963,30281600
1996-10-01,34.812500,38.500000,34.312500,38.187500,18.311356,34773200
1996-11-01,38.250000,42.500000,37.625000,41.875000,20.079550,35111400
1996-12-01,41.375000,42.937500,39.500000,41.500000,20.139322,32950800
1997-01-01,41.562500,43.187500,40.000000,42.625000,20.685274,48916000
1997-02-01,42.562500,46.625000,41.375000,46.000000,22.323112,36762800
1997-03-01,45.750000,46.562500,41.937500,42.312500,20.791002,39233000
1997-04-01,42.000000,44.000000,40.062500,43.500000,21.374498,40087800
1997-05-01,43.312500,47.375000,42.750000,45.937500,22.572214,34894000
1997-06-01,46.062500,52.750000,44.812500,51.125000,25.414801,36771200
1997-07-01,51.000000,52.250000,46.875000,47.375000,23.550632,41124200
1997-08-01,47.250000,48.375000,44.937500,44.937500,22.338924,36768800
1997-09-01,44.937500,46.687500,43.000000,46.218750,23.240919,45437000
1997-10-01,46.500000,50.593750,45.375000,45.750000,23.005228,48043800
1997-11-01,46.000000,49.250000,45.718750,48.718750,24.498043,30568400
1997-12-01,49.031250,49.937500,40.687500,41.031250,20.867413,53432800
1998-01-01,41.093750,42.968750,40.031250,41.750000,21.232941,52355400
1998-02-01,42.187500,44.687500,42.156250,42.656250,21.693844,34888400
1998-03-01,42.656250,48.062500,42.656250,45.500000,23.432592,45769800
1998-04-01,46.312500,48.937500,44.531250,47.187500,24.301657,36851600
1998-05-01,47.187500,48.750000,46.218750,46.312500,23.851030,26461800
1998-06-01,46.437500,47.468750,40.187500,41.093750,21.406277,48747800
1998-07-01,41.125000,42.218750,37.000000,37.562500,19.566793,47502200
1998-08-01,37.468750,39.781250,34.000000,34.250000,17.841274,47266600
1998-09-01,33.875000,39.437500,32.812500,36.843750,19.468725,57748200
1998-10-01,36.687500,43.750000,35.468750,39.812500,21.037447,55610600
1998-11-01,40.062500,42.531250,38.156250,40.250000,21.268623,35987200
1998-12-01,40.156250,40.937500,34.687500,35.562500,19.054935,49031200
1999-01-01,36.187500,39.531250,34.750000,38.812500,20.796335,54950000
1999-02-01,39.000000,39.875000,36.750000,37.031250,19.841909,43578000
1999-03-01,36.968750,40.687500,34.656250,35.375000,19.236320,65321000
1999-04-01,35.500000,45.500000,35.031250,44.500000,24.198343,71658400
1999-05-01,45.125000,48.187500,42.000000,42.875000,23.314693,54085600
1999-06-01,42.750000,46.093750,41.625000,43.468750,23.942076,37078000
1999-07-01,43.000000,45.843750,42.500000,43.968750,24.217463,33249600
1999-08-01,43.968750,50.000000,43.562500,47.250000,26.024738,49184600
1999-09-01,47.281250,49.937500,45.562500,48.031250,26.761076,39217400
1999-10-01,48.093750,49.343750,43.718750,47.531250,26.482492,48773200
1999-11-01,47.562500,51.687500,46.562500,47.781250,26.621784,47164600
1999-12-01,47.343750,50.406250,45.937500,48.937500,27.571362,47162200
2000-01-01,48.031250,51.906250,45.125000,46.812500,26.374138,68507000
2000-02-01,47.187500,48.093750,40.656250,44.093750,24.842403,66870400
2000-03-01,43.593750,47.312500,39.093750,44.281250,25.273333,87122200
2000-04-01,44.687500,49.156250,42.656250,43.312500,24.720425,68960000
2000-05-01,43.343750,45.656250,41.625000,42.875000,24.470711,51990800
2000-06-01,43.031250,43.937500,40.218750,41.500000,23.994999,60388400
2000-07-01,41.500000,45.812500,41.500000,45.031250,26.036736,48465000
2000-08-01,45.250000,48.718750,44.437500,46.507813,26.890480,47917200
2000-09-01,46.968750,47.968750,40.250000,45.562500,26.665064,77085800
2000-10-01,45.968750,48.375000,41.968750,48.312500,28.274479,80873600
2000-11-01,48.125000,50.625000,46.375000,49.937500,29.225506,56927800
2000-12-01,49.625000,61.468750,49.625000,60.250000,35.698429,123104800
2001-01-01,59.062500,60.750000,52.031250,55.325001,32.780327,98942800
2001-02-01,55.450001,57.700001,53.799999,56.375000,33.402462,64738800
2001-03-01,56.375000,59.875000,49.250000,51.950001,31.108557,133320600
2001-04-01,51.799999,60.959999,48.580002,59.505001,35.632607,97665200
2001-05-01,59.505001,63.500000,57.674999,59.290001,35.503876,80176800
2001-06-01,59.025002,62.000000,57.000000,57.049999,34.513058,76526200
2001-07-01,54.625000,58.750000,53.389999,55.939999,33.841534,78921600
2001-08-01,55.750000,56.250000,51.549999,52.049999,31.488249,65713800
2001-09-01,52.049999,53.794998,42.930000,49.200001,30.099304,85653000
2001-10-01,49.000000,55.000000,47.599998,52.189999,31.928535,93931600
2001-11-01,52.314999,58.845001,51.700001,57.290001,35.048576,66560200
2001-12-01,57.200001,60.950001,56.349998,59.105000,36.534561,53627800
2002-01-01,58.514999,58.994999,50.000000,55.500000,34.306198,128540800
2002-02-01,55.500000,60.400002,54.000000,58.965000,36.448021,79811800
2002-03-01,58.599998,61.849998,56.450001,57.505001,35.936481,71132000
2002-04-01,57.575001,64.050003,56.150002,62.900002,39.307964,94848000
2002-05-01,62.900002,65.300003,61.500000,62.715000,39.192345,77942000
2002-06-01,62.590000,64.800003,59.689999,61.500000,38.812073,70207200
2002-07-01,62.875000,65.044998,54.099998,62.915001,39.705067,158405000
2002-08-01,62.625000,64.739998,58.250000,62.474998,39.427387,108368000
2002-09-01,61.825001,63.575001,54.224998,54.985001,35.037601,117654600
2002-10-01,55.375000,64.900002,55.375000,63.470001,40.444427,146528400
2002-11-01,63.345001,65.775002,62.700001,64.925003,41.371574,91956000
2002-12-01,65.150002,65.239998,59.990002,61.650002,39.668911,75013400
2003-01-01,61.660000,64.570000,61.525002,62.275002,40.071075,90253400
2003-02-01,62.805000,63.744999,60.125000,62.685001,40.334892,84985600
2003-03-01,62.924999,67.474998,59.730000,65.014999,42.274879,118813400
2003-04-01,65.019997,68.375000,61.294998,63.020000,40.977665,125535800
2003-05-01,63.020000,63.369999,60.255001,63.235001,41.117466,98968800
2003-06-01,63.625000,66.949997,62.250000,64.489998,42.381886,84377600
2003-07-01,64.489998,70.820000,63.400002,70.099998,46.068699,101214000
2003-08-01,69.699997,72.849998,68.885002,71.235001,46.814610,74494800
2003-09-01,70.500000,72.175003,68.154999,69.070000,45.810406,106435200
2003-10-01,69.940002,79.300003,69.800003,78.870003,52.310234,70357700
2003-11-01,78.959999,80.160004,76.000000,79.040001,52.422974,44008500
2003-12-01,79.500000,85.400002,79.400002,85.029999,56.637897,53349900
2004-01-01,85.000000,86.199997,78.410004,79.089996,52.681290,75033700
2004-02-01,78.889999,81.459999,77.570000,78.019997,51.968578,53698700
2004-03-01,78.470001,81.980003,74.349998,81.870003,54.778587,75066300
2004-04-01,81.870003,88.699997,80.900002,86.480003,57.863049,60029000
2004-05-01,86.500000,87.650002,81.669998,84.559998,56.578445,50875200
2004-06-01,84.129997,90.290001,84.010002,90.010002,60.486965,48399900
2004-07-01,90.000000,90.110001,80.750000,82.360001,55.346146,64671500
2004-08-01,82.300003,83.849998,77.199997,82.360001,55.346146,51538300
2004-09-01,82.120003,84.959999,77.690002,79.970001,53.987064,58461200
2004-10-01,80.000000,81.970001,73.309998,77.570000,52.366840,79285100
2004-11-01,77.500000,82.900002,75.059998,79.589996,53.730511,68914100
2004-12-01,79.500000,83.029999,78.129997,82.070000,55.649769,70244600
2005-01-01,82.169998,85.500000,80.730003,84.360001,57.202545,73968800
2005-02-01,84.349998,86.980003,82.949997,83.940002,56.917740,48467900
2005-03-01,83.949997,87.449997,83.519997,85.690002,58.396183,55305300
2005-04-01,86.000000,86.209999,74.949997,76.470001,52.112923,73551700
2005-05-01,76.470001,79.230003,75.089996,76.650002,52.235580,55751100
2005-06-01,76.779999,78.550003,72.250000,72.300003,49.541321,72349500
2005-07-01,72.309998,76.739998,71.029999,75.000000,51.391396,73146300
2005-08-01,75.099998,75.489998,70.410004,71.150002,48.753323,69923400
2005-09-01,71.400002,74.580002,70.610001,73.360001,50.564014,59917000
2005-10-01,73.260002,76.480003,69.709999,75.980003,52.369881,67228900
2005-11-01,75.500000,79.379997,74.400002,78.480003,54.092995,59215100
2005-12-01,78.769997,79.839996,73.470001,77.500000,53.702198,51305400
2006-01-01,77.760002,79.830002,71.959999,72.750000,50.410778,62966600
2006-02-01,72.300003,74.660004,70.300003,73.589996,50.992859,56144800
2006-03-01,74.190002,78.739998,71.540001,75.690002,52.779678,69525500
2006-04-01,75.970001,85.900002,75.760002,85.430000,59.571514,74722900
2006-05-01,85.510002,88.349998,82.589996,83.660004,58.337273,66865200
2006-06-01,83.660004,85.230003,78.610001,80.769997,56.622246,59995700
2006-07-01,81.150002,81.599998,67.050003,70.400002,49.352558,127175600
2006-08-01,70.000000,72.000000,68.180000,71.699997,50.263889,77912000
2006-09-01,71.739998,75.370003,70.589996,74.419998,52.509510,63929200
2006-10-01,74.699997,80.879997,73.000000,78.839996,55.628204,61557000
2006-11-01,78.830002,81.949997,78.120003,81.459999,57.476826,49316900
2006-12-01,81.550003,81.550003,77.349998,77.930000,55.298687,59004100
2007-01-01,77.529999,79.879997,73.089996,74.300003,52.722855,69810800
2007-02-01,74.750000,77.430000,73.519997,74.080002,52.566757,82014000
2007-03-01,74.000000,78.160004,72.900002,76.430000,54.576389,83454100
2007-04-01,76.440002,83.250000,75.910004,82.769997,59.103592,76926300
2007-05-01,82.769997,89.029999,82.160004,87.959999,62.809601,87362900
2007-06-01,87.949997,88.489998,84.400002,86.790001,62.321312,67679800
2007-07-01,87.290001,92.320000,87.070000,88.919998,63.850800,78773800
2007-08-01,88.940002,91.510002,83.209999,90.989998,65.337219,95588700
2007-09-01,90.959999,93.980003,87.209999,93.580002,67.563629,65166600
2007-10-01,93.839996,97.000000,84.080002,86.360001,62.350880,98091500
2007-11-01,86.070000,86.279999,78.980003,83.260002,60.112698,99222200
2007-12-01,83.430000,88.699997,81.599998,84.320000,61.237766,70075800
2008-01-01,84.239998,84.760002,72.050003,79.650002,57.846169,110132700
2008-02-01,79.790001,81.650002,77.820000,78.400002,56.938362,67783000
2008-03-01,78.160004,81.680000,75.239998,79.150002,57.845268,84367000
2008-04-01,79.610001,83.220001,76.459999,76.900002,56.200890,87562900
2008-05-01,76.940002,79.889999,75.500000,77.559998,56.683250,76437900
2008-06-01,77.410004,77.610001,68.610001,69.589996,51.188641,98023400
2008-07-01,68.660004,72.769997,67.260002,70.389999,51.777092,111622500
2008-08-01,70.529999,74.680000,69.349998,71.599998,52.667145,78918100
2008-09-01,72.379997,74.709999,65.510002,68.309998,50.601894,139001400
2008-10-01,67.669998,68.309998,50.009998,64.300003,47.631424,226637300
2008-11-01,63.560001,67.470001,56.250000,66.930000,49.579651,149733100
2008-12-01,64.949997,66.250000,53.590000,57.540001,42.969398,145711300
2009-01-01,57.549999,59.810001,52.310001,53.790001,40.169014,103623600
2009-02-01,52.790001,54.660000,45.169998,45.459999,33.948376,130140500
2009-03-01,44.619999,51.130001,40.869999,49.720001,37.533298,157046900
2009-04-01,48.950001,58.980000,48.720001,57.599998,43.481853,116948000
2009-05-01,57.560001,60.230000,55.230000,57.099998,43.104404,89372800
2009-06-01,57.900002,61.459999,56.610001,60.099998,45.764694,96293200
2009-07-01,60.310001,71.389999,57.810001,70.519997,53.699257,108891900
2009-08-01,71.800003,73.500000,69.260002,72.099998,54.902397,87303100
2009-09-01,71.809998,76.000000,69.889999,73.800003,56.607285,72538600
2009-10-01,73.559998,79.250000,71.620003,73.570000,56.430859,82528000
2009-11-01,73.860001,79.000000,73.349998,77.440002,59.399307,59750400
2009-12-01,77.849998,84.320000,76.000000,82.669998,63.824062,80368700
2010-01-01,83.089996,85.169998,79.110001,80.489998,62.141045,75208100
2010-02-01,80.839996,81.760002,77.250000,80.150002,61.878529,75020400
2010-03-01,80.570000,84.500000,80.349998,83.570000,64.942581,91066100
2010-04-01,83.870003,90.250000,82.690002,88.669998,68.905830,96407000
2010-05-01,89.190002,90.519997,68.959999,79.309998,61.632118,109573600
2010-06-01,78.720001,83.000000,72.720001,78.989998,61.769413,114407500
2010-07-01,79.059998,87.480003,77.040001,85.540001,66.891472,89556700
2010-08-01,86.800003,88.379997,78.400002,78.550003,61.425346,74721100
2010-09-01,79.510002,88.000000,79.290001,86.709999,68.232391,64059700
2010-10-01,87.379997,91.489998,83.800003,84.220001,66.272980,82038100
2010-11-01,84.570000,87.870003,83.000000,83.980003,66.084137,85344700
2010-12-01,85.419998,87.820000,83.230003,86.300003,68.335640,77138400
2011-01-01,86.750000,90.500000,85.629997,87.919998,69.618401,70774300
2011-02-01,88.019997,93.650002,87.440002,92.230003,73.031227,66069700
2011-03-01,92.190002,94.160004,86.910004,93.500000,74.482147,80777700
2011-04-01,93.529999,97.500000,90.580002,97.209999,77.437531,64783900
2011-05-01,97.580002,97.949997,91.379997,94.379997,75.183144,66189800
2011-06-01,94.330002,95.059998,90.190002,94.849998,76.002937,67513900
2011-07-01,94.830002,98.190002,86.599998,87.139999,69.824921,86582100
2011-08-01,87.980003,88.169998,76.500000,82.980003,66.491554,150664200
2011-09-01,83.019997,83.949997,71.709999,71.790001,57.912857,116304100
2011-10-01,71.129997,82.400002,68.629997,79.019997,63.745285,113482500
2011-11-01,77.889999,83.099998,75.489998,81.040001,65.374840,94894200
2011-12-01,81.250000,82.800003,77.510002,81.730003,66.397285,79927400
2012-01-01,83.760002,87.989998,82.699997,86.709999,70.443039,70287500
2012-02-01,87.519997,88.459999,86.690002,87.599998,71.166069,56589900
2012-03-01,87.720001,90.000000,84.830002,89.209999,72.963280,60428600
2012-04-01,88.790001,89.750000,84.440002,89.360001,73.085953,54391500
2012-05-01,89.129997,89.949997,82.949997,84.410004,69.037445,59884200
2012-06-01,83.050003,89.599998,81.989998,89.599998,73.789772,65465700
2012-07-01,89.290001,92.080002,85.339996,91.230003,75.132164,65037800
2012-08-01,91.650002,94.300003,89.230003,92.599998,76.260414,48767200
2012-09-01,92.029999,94.099998,90.459999,92.419998,76.597015,65053500
2012-10-01,92.900002,95.459999,87.410004,87.599998,72.602249,68655700
2012-11-01,87.940002,91.970001,86.739998,90.949997,75.378700,58270800
2012-12-01,91.410004,94.139999,89.599998,92.849998,77.463661,54850200
2013-01-01,94.190002,101.949997,93.959999,100.550003,83.887688,62614800
2013-02-01,101.440002,104.559998,100.580002,104.000000,86.765961,47905000
2013-03-01,103.389999,106.879997,102.589996,106.309998,89.240906,50128700
2013-04-01,106.000000,108.720001,102.889999,104.709999,87.897789,67230500
2013-05-01,104.779999,112.379997,104.419998,110.269997,92.565086,62323200
2013-06-01,110.699997,113.250000,107.150002,109.349998,92.316147,53296100
2013-07-01,108.370003,118.599998,108.209999,117.430000,99.137505,52519700
2013-08-01,118.379997,119.260002,112.360001,113.580002,95.887230,44047400
2013-09-01,114.570000,122.269997,112.849998,119.410004,101.366760,53217500
2013-10-01,119.690002,126.379997,116.650002,125.849998,106.833641,54356200
2013-11-01,126.760002,134.160004,124.860001,133.509995,113.336182,45827900
2013-12-01,131.669998,140.429993,125.150002,140.250000,119.641968,73382000
2014-01-01,138.050003,139.289993,126.419998,128.190002,109.354034,60369400
2014-02-01,128.220001,135.199997,123.610001,134.729996,114.933037,62329700
2014-03-01,133.070007,135.869995,129.699997,135.660004,116.486809,60219300
2014-04-01,135.880005,139.520004,132.020004,139.089996,119.432022,52411200
2014-05-01,139.500000,143.369995,138.649994,142.550003,122.403008,48494200
2014-06-01,142.270004,145.529999,141.610001,143.240005,123.749985,35654200
2014-07-01,143.410004,146.429993,140.600006,140.889999,121.719749,43313100
2014-08-01,140.149994,145.389999,138.429993,144.000000,124.406570,41032800
2014-09-01,143.300003,147.869995,140.660004,141.679993,123.132103,51777700
2014-10-01,141.160004,154.440002,130.600006,153.770004,133.639374,84979600
2014-11-01,153.139999,160.860001,152.979996,160.089996,139.131989,41063300
2014-12-01,158.350006,168.160004,155.589996,164.320007,143.574707,53439800
2015-01-01,164.710007,166.570007,157.740005,162.300003,141.809723,54725300
2015-02-01,162.119995,169.979996,160.889999,168.649994,147.358032,37365500
2015-03-01,168.160004,170.500000,161.210007,164.949997,145.021591,48144100
2015-04-01,164.289993,167.699997,156.009995,156.389999,137.495773,53240700
2015-05-01,156.789993,163.770004,156.550003,159.080002,139.860779,42817400
2015-06-01,159.100006,160.869995,153.919998,154.300003,136.516129,48517200
2015-07-01,156.130005,157.940002,147.699997,151.339996,133.897263,54769600
2015-08-01,150.789993,153.240005,134.000000,142.139999,125.757614,59225400
2015-09-01,139.479996,145.550003,135.389999,141.770004,126.303185,65251700
2015-10-01,142.210007,158.679993,138.570007,157.210007,140.058716,54367800
2015-11-01,157.509995,160.089996,155.600006,156.580002,139.497452,42405000
2015-12-01,156.410004,158.690002,146.690002,150.639999,135.087250,61116800
2016-01-01,148.050003,151.000000,134.639999,151.000000,135.410065,63783100
2016-02-01,149.330002,159.500000,146.050003,156.869995,140.674026,52788500
2016-03-01,158.750000,167.500000,157.610001,166.630005,150.505981,48587700
2016-04-01,165.630005,170.770004,164.649994,167.380005,151.183411,38822200
2016-05-01,167.300003,171.270004,163.169998,168.320007,152.032455,36443000
2016-06-01,167.779999,175.139999,165.160004,175.119995,159.227661,46954200
2016-07-01,175.139999,182.270004,173.509995,178.360001,162.173630,38585200
2016-08-01,177.080002,181.470001,177.080002,179.240005,162.973785,30878700
2016-09-01,179.309998,181.660004,174.389999,176.229996,161.235397,38143300
2016-10-01,175.330002,175.949997,165.110001,165.300003,151.235352,41884100
2016-11-01,165.399994,175.509995,163.850006,171.740005,157.127426,43844700
2016-12-01,171.639999,180.059998,171.089996,178.490005,164.350067,43415800
2017-01-01,178.830002,180.000000,173.809998,174.820007,160.970810,37982900
2017-02-01,175.169998,188.410004,173.550003,186.350006,171.587433,38913300
2017-03-01,188.080002,193.500000,188.009995,191.330002,177.320206,44760300
2017-04-01,191.869995,197.119995,188.619995,195.830002,181.490723,34994300
2017-05-01,195.500000,204.470001,193.539993,204.470001,189.498077,40020700
2017-06-01,204.250000,214.570007,203.679993,208.190002,194.098053,40515600
2017-07-01,209.139999,213.410004,197.169998,201.169998,187.553223,35520800
2017-08-01,202.289993,208.630005,201.330002,204.320007,190.489975,34874400
2017-09-01,204.610001,214.649994,200.509995,209.899994,196.817871,35746200
2017-10-01,210.729996,238.899994,210.029999,230.190002,215.843292,46169500
2017-11-01,231.000000,243.449997,226.039993,243.139999,227.986176,34753400
2017-12-01,243.190002,244.229996,234.279999,235.369995,221.813843,38798800
2018-01-01,235.779999,259.769989,232.809998,250.500000,236.072403,49095800
2018-02-01,247.440002,250.089996,218.179993,235.509995,221.945770,58411400
2018-03-01,236.149994,243.100006,214.729996,219.520004,208.096573,55656900
2018-04-01,218.050003,221.690002,194.179993,194.389999,184.274323,67396900
2018-05-01,194.029999,206.039993,191.440002,197.229996,186.966507,64993100
2018-06-01,198.750000,206.789993,193.639999,196.720001,187.758469,52817200
2018-07-01,195.460007,212.779999,190.570007,212.320007,202.647812,51342100
2018-08-01,210.979996,211.720001,197.110001,210.919998,201.311584,39291800
2018-09-01,210.550003,217.869995,205.899994,210.710007,202.459167,45069500
2018-10-01,212.399994,217.339996,181.979996,190.259995,182.809921,67294100
2018-11-01,190.610001,209.770004,190.089996,207.919998,199.778412,51077500
2018-12-01,211.210007,211.949997,176.869995,190.539993,184.329224,51330100
2019-01-01,187.820007,200.889999,182.889999,200.300003,193.771103,53042200
2019-02-01,201.490005,211.589996,196.250000,207.389999,200.629974,36859800
2019-03-01,208.809998,210.539993,198.000000,207.779999,202.396973,47486500
2019-04-01,209.889999,219.750000,186.550003,189.509995,184.600311,54909300
2019-05-01,189.490005,189.710007,159.630005,159.750000,155.611313,94604800
2019-06-01,159.750000,174.559998,159.320007,173.339996,170.293930,56451600
2019-07-01,175.460007,187.720001,164.289993,174.720001,171.649689,62576900
2019-08-01,174.789993,177.669998,154.000000,161.720001,158.878128,63267800
2019-09-01,161.399994,172.479996,157.259995,164.399994,162.988922,51261300
2019-10-01,165.000000,169.949997,150.580002,164.990005,163.573868,67404900
2019-11-01,166.940002,176.710007,164.509995,169.770004,168.312836,48542800
