1970-01-01,1.234375,1.265625,0.992188,1.027344,0.011164,9571200
1970-02-01,1.031250,1.199219,0.906250,1.179688,0.012820,16566400
1970-03-01,1.179688,1.195313,1.062500,1.125000,0.012411,10403200
1970-04-01,1.125000,1.140625,0.921875,0.937500,0.010343,7939200
1970-05-01,0.937500,0.964844,0.832031,0.933594,0.010300,10950400
1970-06-01,0.937500,1.000000,0.804688,0.804688,0.009009,9593600
1970-07-01,0.800781,0.996094,0.738281,0.953125,0.010671,7776000
1970-08-01,0.941406,1.093750,0.828125,1.078125,0.012071,10188800
1970-09-01,1.078125,1.175781,1.011719,1.140625,0.012969,12233600
1970-10-01,1.125000,1.140625,1.015625,1.039063,0.011815,11360000
1970-11-01,1.039063,1.062500,0.878906,1.000000,0.011370,9456000
1970-12-01,1.003906,1.101563,0.984375,1.054688,0.012173,11686400
1971-01-01,1.054688,1.234375,1.042969,1.136719,0.013120,12435200
1971-02-01,1.140625,1.210938,1.113281,1.140625,0.013165,18880000
1971-03-01,1.140625,1.289063,1.042969,1.238281,0.014465,35699200
1971-04-01,1.242188,1.390625,1.187500,1.363281,0.015925,25753600
1971-05-01,1.343750,1.410156,1.226563,1.246094,0.014557,13187200
1971-06-01,1.246094,1.265625,1.117188,1.144531,0.013511,10848000
1971-07-01,1.144531,1.175781,0.992188,0.992188,0.011712,6137600
1971-08-01,0.992188,1.078125,0.929688,0.968750,0.011436,5609600
1971-09-01,0.968750,1.054688,0.921875,0.953125,0.011405,7600000
1971-10-01,0.957031,1.027344,0.910156,0.945313,0.011311,11987200
1971-11-01,0.945313,0.949219,0.765625,0.843750,0.010096,21056000
1971-12-01,0.843750,0.945313,0.808594,0.917969,0.011171,22755200
1972-01-01,0.917969,1.164063,0.894531,1.128906,0.013738,45609600
1972-02-01,1.132813,1.148438,1.027344,1.027344,0.012502,6745600
1972-03-01,1.027344,1.078125,0.945313,1.023438,0.012618,8121600
1972-04-01,1.019531,1.289063,1.003906,1.167969,0.014399,20281600
1972-05-01,1.167969,1.343750,1.132813,1.246094,0.015363,14249600
1972-06-01,1.246094,1.257813,1.062500,1.105469,0.013785,7465600
1972-07-01,1.105469,1.234375,1.046875,1.218750,0.015198,6963200
1972-08-01,1.218750,1.250000,1.156250,1.191406,0.014857,12390400
1972-09-01,1.195313,1.339844,1.195313,1.335938,0.016850,9715200
1972-10-01,1.335938,1.437500,1.273438,1.437500,0.018130,16806400
1972-11-01,1.437500,1.519531,1.414063,1.476563,0.018623,10723200
1972-12-01,1.476563,1.531250,1.382813,1.390625,0.017705,10700800
1973-01-01,1.390625,1.445313,1.203125,1.304688,0.016611,11878400
1973-02-01,1.296875,1.296875,1.191406,1.199219,0.015268,11212800
1973-03-01,1.199219,1.265625,1.101563,1.132813,0.014591,5571200
1973-04-01,1.132813,1.250000,1.082031,1.117188,0.014390,5574400
1973-05-01,1.125000,1.218750,1.109375,1.117188,0.014390,7552000
1973-06-01,1.105469,1.105469,0.832031,0.863281,0.011253,5385600
1973-07-01,0.863281,0.968750,0.843750,0.957031,0.012475,12438400
1973-08-01,0.957031,0.957031,0.804688,0.828125,0.010794,7574400
1973-09-01,0.828125,1.000000,0.828125,1.000000,0.013238,6672000
1973-10-01,1.000000,1.089844,0.953125,0.972656,0.012876,11676800
1973-11-01,0.972656,0.972656,0.750000,0.773438,0.010239,9715200
1973-12-01,0.773438,0.851563,0.648438,0.742188,0.009987,14115200
1974-01-01,0.742188,0.781250,0.703125,0.730469,0.009829,8230400
1974-02-01,0.730469,0.804688,0.703125,0.789063,0.010617,9171200
1974-03-01,0.789063,0.921875,0.785156,0.832031,0.011411,12345600
1974-04-01,0.832031,0.898438,0.785156,0.875000,0.012000,5510400
1974-05-01,0.875000,0.925781,0.820313,0.828125,0.011357,6489600
1974-06-01,0.828125,0.886719,0.812500,0.820313,0.011460,6851200
1974-07-01,0.820313,0.847656,0.734375,0.757813,0.010587,11696000
1974-08-01,0.757813,0.886719,0.746094,0.832031,0.011624,9856000
1974-09-01,0.835938,0.878906,0.765625,0.804688,0.011456,6531200
1974-10-01,0.804688,0.929688,0.789063,0.894531,0.012735,13164800
1974-11-01,0.894531,0.984375,0.843750,0.937500,0.013347,8332800
1974-12-01,0.929688,1.023438,0.843750,1.019531,0.014762,7635200
1975-01-01,1.019531,1.171875,0.976563,1.062500,0.015384,15248000
1975-02-01,1.062500,1.156250,1.046875,1.125000,0.016289,10944000
1975-03-01,1.128906,1.347656,1.128906,1.281250,0.018813,22918400
1975-04-01,1.277344,1.503906,1.203125,1.500000,0.022025,25744000
1975-05-01,1.500000,1.546875,1.437500,1.500000,0.022025,26624000
1975-06-01,1.500000,1.941406,1.500000,1.812500,0.026895,54841600
1975-07-01,1.812500,1.851563,1.570313,1.675781,0.024866,26137600
1975-08-01,1.667969,1.730469,1.550781,1.714844,0.025446,16262400
1975-09-01,1.722656,1.871094,1.679688,1.769531,0.026512,22774400
1975-10-01,1.765625,1.867188,1.609375,1.636719,0.024522,29120000
1975-11-01,1.636719,1.636719,1.457031,1.562500,0.023410,17734400
1975-12-01,1.562500,1.562500,1.375000,1.449219,0.021933,15961600
1976-01-01,1.449219,1.687500,1.449219,1.679688,0.025421,20867200
1976-02-01,1.679688,1.875000,1.632813,1.792969,0.027135,28208000
1976-03-01,1.792969,1.890625,1.769531,1.847656,0.028265,27625600
1976-04-01,1.847656,2.093750,1.816406,2.062500,0.031551,30662400
1976-05-01,2.062500,2.140625,2.015625,2.062500,0.031551,28440000
1976-06-01,2.070313,2.343750,1.914063,2.335938,0.036057,20163200
1976-07-01,2.328125,2.328125,2.078125,2.164063,0.033404,20488000
1976-08-01,2.164063,2.226563,2.015625,2.109375,0.032560,10924800
1976-09-01,2.109375,2.273438,2.015625,2.164063,0.033691,18840000
1976-10-01,2.164063,2.187500,2.015625,2.179688,0.033934,16024000
1976-11-01,2.179688,2.242188,2.117188,2.210938,0.034421,16022400
1976-12-01,2.210938,2.460938,2.210938,2.429688,0.038154,23780800
1977-01-01,2.437500,2.437500,2.203125,2.281250,0.035823,22432000
1977-02-01,2.273438,2.335938,2.171875,2.226563,0.034965,13670400
1977-03-01,2.226563,2.320313,2.132813,2.171875,0.034395,18792000
1977-04-01,2.179688,2.414063,2.148438,2.406250,0.038106,28955200
1977-05-01,2.406250,2.546875,2.304688,2.351563,0.037240,26464000
1977-06-01,2.351563,2.570313,2.335938,2.500000,0.040049,22550400
1977-07-01,2.515625,2.578125,2.398438,2.406250,0.038547,17510400
1977-08-01,2.406250,2.460938,2.187500,2.210938,0.035418,17358400
1977-09-01,2.210938,2.382813,2.140625,2.195313,0.035619,16593600
1977-10-01,2.195313,2.210938,2.062500,2.171875,0.035239,21302400
1977-11-01,2.171875,2.390625,2.101563,2.343750,0.038028,21185600
1977-12-01,2.343750,2.351563,2.187500,2.242188,0.036831,15060800
1978-01-01,2.242188,2.257813,2.015625,2.125000,0.034906,16361600
1978-02-01,2.125000,2.218750,2.093750,2.117188,0.034778,12779200
1978-03-01,2.117188,2.296875,2.101563,2.226563,0.037112,18268800
1978-04-01,2.226563,2.578125,2.210938,2.523438,0.042060,38132800
1978-05-01,2.531250,2.937500,2.437500,2.710938,0.045186,48177600
1978-06-01,2.710938,2.929688,2.625000,2.648438,0.044654,29620800
1978-07-01,2.648438,2.914063,2.585938,2.875000,0.048474,39800000
1978-08-01,2.875000,3.281250,2.875000,2.992188,0.050450,43948800
1978-09-01,2.992188,3.117188,2.648438,2.718750,0.046295,26766400
1978-10-01,2.718750,2.828125,2.257813,2.359375,0.040175,37254400
1978-11-01,2.406250,2.515625,2.250000,2.390625,0.040707,31201600
1978-12-01,2.390625,2.523438,2.296875,2.429688,0.041951,28913600
1979-01-01,2.429688,2.601563,2.351563,2.468750,0.042626,27804800
1979-02-01,2.468750,2.484375,2.203125,2.218750,0.038309,21660800
1979-03-01,2.218750,2.406250,2.210938,2.304688,0.040393,21604800
1979-04-01,2.320313,2.554688,2.281250,2.453125,0.042995,26481600
1979-05-01,2.453125,2.460938,2.304688,2.312500,0.040530,24540800
1979-06-01,2.312500,2.375000,2.289063,2.320313,0.041267,18288000
1979-07-01,2.320313,2.460938,2.257813,2.460938,0.043768,17104000
1979-08-01,2.468750,2.734375,2.468750,2.710938,0.048214,37952000
1979-09-01,2.710938,2.710938,2.507813,2.546875,0.045883,21699200
1979-10-01,2.546875,2.656250,2.312500,2.359375,0.042505,31022400
1979-11-01,2.367188,2.585938,2.265625,2.554688,0.046024,24374400
1979-12-01,2.554688,2.773438,2.539063,2.687500,0.049130,18689600
1980-01-01,2.687500,3.296875,2.609375,3.117188,0.056985,83132800
1980-02-01,3.117188,3.195313,2.882813,2.914063,0.053272,36307200
1980-03-01,2.914063,3.070313,2.359375,2.578125,0.047660,42545600
1980-04-01,2.578125,2.640625,2.320313,2.632813,0.048671,24144000
1980-05-01,2.632813,2.695313,2.437500,2.671875,0.049393,24310400
1980-06-01,2.671875,2.812500,2.609375,2.617188,0.049048,21894400
1980-07-01,2.617188,3.109375,2.601563,3.031250,0.056808,32128000
1980-08-01,3.031250,3.234375,2.945313,3.085938,0.057833,34140800
1980-09-01,3.085938,3.367188,3.023438,3.187500,0.060391,34598400
1980-10-01,3.187500,3.414063,3.031250,3.117188,0.059059,47536000
1980-11-01,3.164063,3.945313,3.164063,3.835938,0.072677,50531200
1980-12-01,3.835938,3.835938,3.390625,3.812500,0.072881,24854400
1981-01-01,3.812500,4.109375,3.375000,3.453125,0.066011,45792000
1981-02-01,3.453125,3.617188,3.179688,3.492188,0.066757,20963200
1981-03-01,3.500000,3.570313,3.343750,3.515625,0.067962,53190400
1981-04-01,3.523438,3.812500,3.445313,3.703125,0.071587,35707200
1981-05-01,3.718750,3.718750,3.539063,3.617188,0.069926,32305600
1981-06-01,3.617188,3.656250,3.421875,3.460938,0.067593,26496000
1981-07-01,3.460938,3.468750,2.984375,3.164063,0.061795,33254400
1981-08-01,3.164063,3.414063,2.828125,2.828125,0.055234,27353600
1981-09-01,2.828125,2.859375,2.500000,2.773438,0.054818,29299200
1981-10-01,2.773438,2.945313,2.687500,2.835938,0.056054,24908800
1981-11-01,2.890625,2.953125,2.515625,2.695313,0.053274,34923200
1981-12-01,2.695313,2.804688,2.585938,2.609375,0.052310,25137600
1982-01-01,2.625000,2.710938,2.320313,2.500000,0.050117,28710400
1982-02-01,2.414063,2.468750,2.164063,2.242188,0.044949,26187200
1982-03-01,2.218750,2.296875,1.953125,2.281250,0.046507,49497600
1982-04-01,2.296875,2.500000,2.226563,2.328125,0.047463,46894400
1982-05-01,2.320313,2.539063,2.281250,2.359375,0.048100,43212800
1982-06-01,2.328125,2.453125,2.187500,2.453125,0.050768,35724800
1982-07-01,2.406250,2.648438,2.281250,2.601563,0.053840,53790400
1982-08-01,2.632813,3.015625,2.429688,2.984375,0.061762,60363200
1982-09-01,2.960938,3.156250,2.851563,2.890625,0.060621,57094400
1982-10-01,2.914063,3.585938,2.867188,3.343750,0.070124,63494400
1982-11-01,3.359375,3.640625,3.265625,3.453125,0.072418,57595200
1982-12-01,3.460938,3.679688,3.312500,3.539063,0.074996,39304000
1983-01-01,3.468750,3.921875,3.367188,3.835938,0.081287,61396800
1983-02-01,3.875000,4.359375,3.765625,4.179688,0.088572,71702400
1983-03-01,4.117188,4.398438,4.007813,4.203125,0.089896,54364800
1983-04-01,4.195313,4.765625,4.171875,4.546875,0.097249,57088000
1983-05-01,4.484375,4.679688,4.218750,4.257813,0.091066,61950400
1983-06-01,4.257813,4.796875,4.242188,4.585938,0.098968,44028800
1983-07-01,4.593750,4.593750,4.125000,4.187500,0.090370,51360000
1983-08-01,4.187500,4.390625,4.000000,4.250000,0.091719,73497600
1983-09-01,4.265625,4.429688,4.234375,4.328125,0.094309,51537600
1983-10-01,4.304688,4.304688,3.984375,4.046875,0.088181,46627200
1983-11-01,4.046875,4.562500,4.000000,4.546875,0.099076,55617600
1983-12-01,4.562500,4.593750,4.390625,4.531250,0.099696,30705600
1984-01-01,4.531250,4.648438,4.257813,4.328125,0.095227,46699200
1984-02-01,4.335938,4.335938,3.562500,3.765625,0.082851,73518400
1984-03-01,3.789063,3.968750,3.742188,3.898438,0.086660,45436800
1984-04-01,3.914063,4.132813,3.765625,4.109375,0.091349,43304000
1984-05-01,4.046875,4.140625,3.781250,3.906250,0.086834,51436800
1984-06-01,3.890625,4.093750,3.640625,4.062500,0.091280,35261600
1984-07-01,4.046875,4.343750,4.031250,4.343750,0.097600,36216800
1984-08-01,4.375000,5.203125,4.359375,4.828125,0.108483,77330400
1984-09-01,4.828125,5.125000,4.515625,4.656250,0.105563,52145600
1984-10-01,4.625000,5.125000,4.421875,4.968750,0.112648,50831200
1984-11-01,4.937500,4.953125,4.375000,4.484375,0.101666,49504000
1984-12-01,4.468750,4.796875,4.250000,4.531250,0.103724,42345600
1985-01-01,4.562500,5.406250,4.312500,5.359375,0.122680,61046400
1985-02-01,5.328125,5.625000,5.156250,5.234375,0.119819,45689600
1985-03-01,5.234375,5.578125,4.953125,5.109375,0.124867,49382400
1985-04-01,5.015625,5.062500,4.718750,4.765625,0.116467,55244800
1985-05-01,4.812500,5.500000,4.218750,5.468750,0.133650,74108800
1985-06-01,5.468750,5.609375,4.890625,5.187500,0.136331,77250400
1985-07-01,5.171875,5.593750,5.125000,5.187500,0.136331,79495200
1985-08-01,5.203125,5.343750,4.937500,5.015625,0.131814,53948800
1985-09-01,5.000000,5.046875,4.625000,4.656250,0.131350,54404800
1985-10-01,4.640625,5.171875,4.531250,5.046875,0.142369,57101600
1985-11-01,5.015625,5.421875,4.890625,5.250000,0.148099,57421600
1985-12-01,5.218750,5.812500,5.093750,5.468750,0.165591,58776000
1986-01-01,5.500000,5.968750,5.421875,5.859375,0.177419,60912800
1986-02-01,5.843750,6.734375,5.828125,6.656250,0.201548,74708800
1986-03-01,6.625000,7.031250,6.468750,6.703125,0.214533,55956000
1986-04-01,6.734375,6.734375,6.250000,6.312500,0.202031,71027200
1986-05-01,6.250000,6.406250,5.890625,6.312500,0.202031,58858400
1986-06-01,6.312500,6.406250,5.906250,6.187500,0.210346,61540800
1986-07-01,6.156250,6.218750,5.109375,5.140625,0.174758,88180800
1986-08-01,5.171875,5.828125,4.906250,5.734375,0.194942,62456000
1986-09-01,5.718750,5.984375,5.125000,5.281250,0.191395,60859200
1986-10-01,5.312500,5.453125,4.937500,5.359375,0.194226,82254400
1986-11-01,5.375000,5.765625,5.296875,5.578125,0.202154,56162400
1986-12-01,5.562500,6.000000,5.515625,5.750000,0.221945,82412000
1987-01-01,5.750000,6.296875,5.734375,6.171875,0.238229,96511200
1987-02-01,6.171875,6.859375,6.078125,6.828125,0.263559,85280000
1987-03-01,6.828125,6.843750,5.781250,6.359375,0.259743,74682400
1987-04-01,6.281250,6.531250,5.437500,5.781250,0.236130,89070400
1987-05-01,5.796875,6.109375,5.625000,5.687500,0.232300,59108000
1987-06-01,5.750000,6.640625,5.656250,6.531250,0.283925,57272800
1987-07-01,6.531250,7.312500,6.531250,7.218750,0.313812,83051200
1987-08-01,7.109375,7.562500,7.031250,7.203125,0.313132,87774400
1987-09-01,7.218750,7.453125,6.562500,7.250000,0.330549,55202400
1987-10-01,7.218750,7.265625,3.968750,4.406250,0.200894,113978400
1987-11-01,4.375000,4.765625,3.781250,3.953125,0.180235,97752800
1987-12-01,4.000000,4.406250,3.750000,4.234375,0.210405,75088800
1988-01-01,4.265625,4.828125,4.125000,4.796875,0.238356,63044800
1988-02-01,4.828125,5.250000,4.468750,5.093750,0.253107,64027200
1988-03-01,5.109375,5.312500,4.812500,4.875000,0.262095,61841600
1988-04-01,4.875000,5.218750,4.765625,4.859375,0.261254,56148800
1988-05-01,4.859375,4.968750,4.406250,4.687500,0.252014,53341600
1988-06-01,4.718750,5.125000,4.656250,4.812500,0.282272,56528000
1988-07-01,4.796875,4.890625,4.515625,4.687500,0.274941,42416800
1988-08-01,4.718750,4.781250,4.359375,4.593750,0.269442,36062400
1988-09-01,4.562500,5.031250,4.468750,4.984375,0.321095,44710400
1988-10-01,5.000000,5.546875,4.953125,5.203125,0.335187,54313600
1988-11-01,5.218750,5.265625,4.765625,5.015625,0.323108,34482400
1988-12-01,5.000000,5.203125,4.890625,5.140625,0.360659,38332000
1989-01-01,5.140625,5.687500,4.984375,5.515625,0.386968,65182400
1989-02-01,5.515625,5.796875,5.343750,5.468750,0.383679,51928800
1989-03-01,5.484375,5.750000,5.359375,5.687500,0.429758,42408000
1989-04-01,5.718750,6.687500,5.703125,6.500000,0.491152,69652000
1989-05-01,6.437500,6.609375,6.187500,6.421875,0.485248,67202400
1989-06-01,6.406250,6.546875,6.187500,6.281250,0.506068,53939200
1989-07-01,6.296875,6.906250,6.234375,6.859375,0.552646,49427200
1989-08-01,6.859375,7.000000,6.593750,6.968750,0.561458,58152000
1989-09-01,7.000000,7.171875,6.843750,6.953125,0.594806,40262400
1989-10-01,7.000000,7.109375,6.312500,6.671875,0.570747,66153600
1989-11-01,6.656250,6.828125,6.281250,6.468750,0.553370,58700800
1989-12-01,6.484375,6.843750,6.406250,6.781250,0.616289,37479200
1990-01-01,6.765625,6.984375,6.046875,6.234375,0.566588,50399200
1990-02-01,6.250000,6.484375,6.078125,6.390625,0.580788,44071200
1990-03-01,6.406250,7.406250,6.406250,7.156250,0.698915,100932000
1990-04-01,7.062500,7.234375,6.781250,6.875000,0.671447,44415200
1990-05-01,6.906250,7.359375,6.890625,7.328125,0.715702,54900000
1990-06-01,7.359375,7.593750,7.125000,7.156250,0.746300,52552000
1990-07-01,7.187500,7.812500,7.078125,7.406250,0.772372,49424800
1990-08-01,7.406250,7.406250,5.781250,6.109375,0.637125,66889600
1990-09-01,6.046875,6.390625,5.015625,5.343750,0.600794,36884800
1990-10-01,5.406250,6.218750,5.234375,5.640625,0.634172,49824000
1990-11-01,5.546875,5.750000,5.359375,5.578125,0.627145,46709600
1990-12-01,5.578125,6.171875,5.578125,5.984375,0.731559,31574400
1991-01-01,5.968750,6.062500,5.281250,5.937500,0.725829,52432800
1991-02-01,5.937500,6.359375,5.734375,6.218750,0.760210,100681600
1991-03-01,6.140625,6.437500,5.812500,6.062500,0.801257,48919200
1991-04-01,6.078125,6.250000,5.515625,5.750000,0.759955,94443200
1991-05-01,5.781250,5.859375,5.406250,5.859375,0.774411,68910400
1991-06-01,5.843750,5.921875,5.484375,5.562500,0.800951,59535200
1991-07-01,5.562500,6.109375,5.437500,5.828125,0.839199,62415200
1991-08-01,5.796875,6.140625,5.375000,5.984375,0.861698,51664000
1991-09-01,6.015625,6.046875,5.484375,5.625000,0.878991,40000800
1991-10-01,5.593750,6.140625,5.265625,6.078125,0.949797,67457600
1991-11-01,6.109375,6.312500,5.781250,5.953125,0.930264,47108000
1991-12-01,5.890625,6.812500,5.687500,6.781250,1.142862,45716000
1992-01-01,6.625000,7.125000,6.093750,6.343750,1.069130,82796000
1992-02-01,6.343750,6.671875,6.078125,6.296875,1.061230,50655200
1992-03-01,6.328125,6.765625,6.328125,6.500000,1.112664,43519200
1992-04-01,6.484375,7.062500,6.359375,6.750000,1.155459,54279200
1992-05-01,6.750000,6.890625,6.359375,6.562500,1.123362,33452000
1992-06-01,6.562500,6.703125,6.265625,6.531250,1.199980,57467200
1992-07-01,6.546875,7.171875,6.250000,7.125000,1.309069,81066400
1992-08-01,7.093750,7.234375,6.593750,6.875000,1.263137,41736800
1992-09-01,6.875000,7.046875,5.875000,6.125000,1.201635,85816800
1992-10-01,6.156250,6.218750,5.468750,5.718750,1.121935,75647200
1992-11-01,5.750000,5.781250,5.187500,5.609375,1.100477,51769600
1992-12-01,5.609375,6.125000,5.531250,6.015625,1.284156,47630400
1993-01-01,6.046875,6.234375,5.765625,5.859375,1.250802,58873600
1993-02-01,5.859375,6.218750,5.468750,5.593750,1.194099,78447200
1993-03-01,5.578125,6.078125,5.578125,5.906250,1.371216,42272000
1993-04-01,5.906250,6.312500,5.781250,6.156250,1.429257,39856000
1993-05-01,6.218750,6.750000,6.078125,6.609375,1.534457,50222400
1993-06-01,6.578125,6.984375,6.531250,6.750000,1.684383,56084800
1993-07-01,6.750000,6.937500,6.437500,6.781250,1.692181,48488800
1993-08-01,6.781250,7.421875,6.765625,7.109375,1.774061,54376800
1993-09-01,7.140625,7.234375,6.765625,6.937500,1.843267,43623200
1993-10-01,6.937500,8.078125,6.937500,7.750000,2.059144,65146400
1993-11-01,7.734375,8.265625,7.609375,7.734375,2.054994,59730400
1993-12-01,7.750000,7.937500,7.640625,7.750000,2.181736,44519200
1994-01-01,7.734375,8.546875,7.250000,8.421875,2.370879,58781600
1994-02-01,8.359375,9.000000,7.890625,8.500000,2.392874,64264800
1994-03-01,8.453125,8.765625,7.593750,7.765625,2.306128,62782400
1994-04-01,7.656250,8.296875,7.593750,7.968750,2.366450,56553600
1994-05-01,7.953125,8.375000,7.812500,8.296875,2.463891,49704800
1994-06-01,8.281250,8.531250,7.937500,8.031250,2.527297,32571200
1994-07-01,8.078125,8.468750,7.468750,7.531250,2.369954,59824800
1994-08-01,7.656250,8.062500,7.484375,7.953125,2.502712,69700000
1994-09-01,7.984375,8.109375,7.562500,7.828125,2.633633,54320000
1994-10-01,7.859375,8.062500,7.437500,7.875000,2.649402,70873600
1994-11-01,7.875000,7.875000,6.875000,7.312500,2.460158,71603200
1994-12-01,7.312500,7.921875,7.218750,7.859375,2.834715,49080000
1995-01-01,7.843750,8.234375,7.781250,8.031250,2.896706,42816000
1995-02-01,8.000000,8.390625,7.953125,8.296875,2.992510,45399200
1995-03-01,8.218750,8.687500,8.062500,8.640625,3.315156,46623200
1995-04-01,8.593750,9.375000,8.437500,9.140625,3.506990,50856000
1995-05-01,9.156250,9.562500,9.062500,9.484375,3.638877,58635200
1995-06-01,9.484375,9.921875,9.406250,9.765625,3.957129,54176000
1995-07-01,9.765625,10.578125,9.750000,10.500000,4.254704,63910400
1995-08-01,10.500000,10.609375,9.984375,10.421875,4.223053,60104000
1995-09-01,10.453125,11.078125,10.296875,11.046875,4.701530,62813600
1995-10-01,11.031250,11.281250,10.359375,11.093750,4.721479,59128000
1995-11-01,11.031250,11.781250,10.750000,11.718750,4.987477,64032000
1995-12-01,11.750000,12.218750,11.406250,11.859375,5.313179,48569600
1996-01-01,11.750000,12.875000,11.312500,12.828125,5.747195,75467200
1996-02-01,12.765625,13.734375,12.437500,13.421875,6.013203,68316800
1996-03-01,13.500000,14.750000,13.125000,14.031250,6.568020,73151200
1996-04-01,14.078125,14.406250,13.312500,13.812500,6.465623,65003200
1996-05-01,13.750000,14.093750,12.546875,13.671875,6.399794,65530400
1996-06-01,13.609375,14.531250,13.562500,14.375000,7.010178,40107200
1996-07-01,14.343750,14.750000,12.687500,14.062500,6.857783,61631200
1996-08-01,14.015625,14.703125,13.953125,14.093750,6.873022,38856000
1996-09-01,13.984375,15.203125,13.843750,15.046875,7.627349,41876800
1996-10-01,15.078125,16.250000,14.937500,16.093750,8.158018,51918400
1996-11-01,16.187500,17.609375,16.109375,17.531250,8.886696,45065600
1996-12-01,17.468750,17.531250,15.625000,16.562500,8.682544,58923600
1997-01-01,16.562500,17.843750,16.281250,17.437500,9.141244,58412400
1997-02-01,17.156250,19.500000,17.031250,18.812500,9.862056,64400000
1997-03-01,18.625000,19.875000,18.250000,18.937500,10.090611,53406000
1997-04-01,18.812500,19.718750,17.562500,18.906250,10.073965,65834000
1997-05-01,18.906250,20.375000,18.750000,20.093750,10.706705,58905200
1997-06-01,20.062500,21.937500,19.718750,20.750000,11.237343,48351200
1997-07-01,20.812500,22.234375,20.750000,21.140625,11.448894,61109600
1997-08-01,21.218750,21.406250,19.250000,19.515625,10.568861,61724000
1997-09-01,19.687500,21.203125,19.187500,20.250000,11.135473,79960400
1997-10-01,20.187500,20.453125,16.687500,17.500000,9.623247,123966800
1997-11-01,17.750000,18.875000,17.218750,18.734375,10.302027,73824800
1997-12-01,18.734375,19.968750,17.187500,18.203125,10.181227,78372400
1998-01-01,18.328125,20.718750,16.750000,20.312500,11.361022,74760400
1998-02-01,20.687500,22.500000,20.687500,22.328125,12.488386,48090400
1998-03-01,22.250000,23.484375,21.906250,23.078125,13.095465,49737200
1998-04-01,23.046875,24.953125,22.906250,24.609375,13.964361,52890800
1998-05-01,24.718750,25.031250,23.000000,23.500000,13.334852,45207200
1998-06-01,23.390625,23.640625,21.015625,23.125000,13.324020,78191600
1998-07-01,23.140625,24.781250,22.906250,23.968750,13.810170,51224000
1998-08-01,23.968750,24.531250,18.140625,18.140625,10.452158,75953200
1998-09-01,18.250000,20.750000,17.937500,19.109375,11.189730,83290400
1998-10-01,18.890625,24.062500,16.250000,23.812500,13.943707,84841600
1998-11-01,23.953125,28.125000,23.359375,26.796875,15.691253,64596400
1998-12-01,26.593750,27.656250,24.468750,27.187500,16.154963,62374000
1999-01-01,27.312500,29.984375,26.718750,29.859375,17.742601,59105600
1999-02-01,29.968750,31.750000,29.375000,30.968750,18.401804,67289200
1999-03-01,30.843750,34.234375,30.468750,33.859375,20.360729,68258400
1999-04-01,33.921875,37.625000,32.703125,36.218750,21.779507,103146000
1999-05-01,36.156250,37.984375,30.875000,31.031250,18.660099,92580600
1999-06-01,31.062500,36.125000,30.218750,36.000000,21.861208,77897600
1999-07-01,35.875000,35.875000,33.343750,33.343750,20.248186,45933200
1999-08-01,32.750000,35.000000,30.656250,33.062500,20.077400,40895000
1999-09-01,33.250000,34.375000,27.281250,29.656250,18.113186,78908800
1999-10-01,30.125000,30.750000,25.812500,30.250000,18.475834,75455200
1999-11-01,30.125000,30.312500,26.656250,28.250000,17.254276,61123400
1999-12-01,29.000000,32.500000,27.500000,32.500000,19.991594,59564000
2000-01-01,32.468750,32.937500,25.750000,26.468750,16.281620,78941400
2000-02-01,26.750000,27.312500,23.781250,25.468750,15.666486,92730200
2000-03-01,25.468750,32.250000,23.250000,31.593750,19.583525,91093000
2000-04-01,31.593750,33.062500,28.031250,31.093750,19.273598,66584400
2000-05-01,30.718750,33.468750,28.875000,30.218750,18.731218,62824000
2000-06-01,29.500000,32.437500,27.000000,29.437500,18.357906,69547000
2000-07-01,28.750000,30.875000,27.687500,29.187500,18.202003,54022000
2000-08-01,29.562500,32.500000,28.406250,31.218750,19.468737,56648600
2000-09-01,31.343750,36.437500,29.500000,34.687500,21.768524,99811600
2000-10-01,34.437500,36.468750,29.937500,34.906250,21.905792,128127600
2000-11-01,34.593750,36.375000,32.593750,35.406250,22.219568,61133200
2000-12-01,35.187500,39.875000,34.843750,39.312500,24.837030,89065000
2001-01-01,38.875000,38.875000,34.546875,37.490002,23.685600,92416600
2001-02-01,37.490002,40.200001,36.520000,38.955002,24.611153,75327200
2001-03-01,38.799999,41.250000,32.450001,36.650002,23.290308,130830200
2001-04-01,36.799999,39.924999,35.000000,39.040001,24.809105,71364600
2001-05-01,39.000000,43.750000,38.235001,41.654999,26.470882,76540000
2001-06-01,41.500000,42.825001,36.209999,36.630001,23.410280,121194000
2001-07-01,36.525002,38.605000,35.299999,36.700001,23.455015,82904800
2001-08-01,37.000000,37.290001,33.555000,34.200001,21.857262,91513400
2001-09-01,34.450001,34.845001,20.049999,23.250000,14.952421,195736400
2001-10-01,23.100000,28.620001,22.850000,26.945000,17.328743,137544000
2001-11-01,26.950001,30.875000,26.350000,30.100000,19.357769,87877400
2001-12-01,29.625000,32.950001,29.305000,32.314999,20.947786,88509600
2002-01-01,32.349998,34.419998,29.655001,34.365002,22.276674,112798600
2002-02-01,34.500000,37.474998,33.360001,36.474998,23.644453,101658800
2002-03-01,36.424999,38.875000,35.750000,37.099998,24.223125,106692600
2002-04-01,37.000000,37.775002,33.250000,35.084999,22.907505,126730800
2002-05-01,34.750000,35.544998,33.570000,34.435001,22.483110,92162400
2002-06-01,34.400002,35.500000,31.950001,33.950001,22.320709,101096600
2002-07-01,33.875000,36.029999,29.305000,34.750000,22.846680,134122800
2002-08-01,34.625000,34.645000,28.695000,29.695000,19.523230,145703800
2002-09-01,29.450001,31.344999,27.620001,28.245001,18.716534,111150000
2002-10-01,28.500000,31.950001,24.415001,30.834999,20.432789,148239800
2002-11-01,30.424999,33.105000,30.299999,31.235001,20.697857,92841600
2002-12-01,31.900000,32.325001,29.610001,30.969999,20.685154,84853800
2003-01-01,31.150000,33.445000,31.000000,31.790001,21.232836,97646000
2003-02-01,32.025002,32.849998,28.900000,29.290001,19.563070,100797000
2003-03-01,29.295000,31.990000,26.754999,28.889999,19.448078,129448600
2003-04-01,29.225000,31.975000,28.940001,30.905001,20.804533,124542800
2003-05-01,30.905001,34.375000,30.420000,34.125000,22.972164,105328200
2003-06-01,34.410000,37.035000,34.174999,35.415001,24.033453,98263600
2003-07-01,35.110001,38.549999,34.654999,37.615002,25.526426,93899200
2003-08-01,37.615002,40.174999,36.119999,40.125000,27.229771,78604800
2003-09-01,40.064999,40.375000,38.380001,38.639999,26.403118,83763800
2003-10-01,39.000000,42.994999,38.755001,42.345001,28.934778,84438400
2003-11-01,42.625000,43.974998,41.290001,42.849998,29.279844,66290200
2003-12-01,43.299999,48.375000,43.200001,47.384998,32.646690,83050400
2004-01-01,47.415001,48.775002,46.075001,47.770000,32.911942,87250200
2004-02-01,47.790001,48.919998,44.459999,46.055000,31.730377,114392800
2004-03-01,45.650002,46.299999,41.750000,43.150002,29.948364,127194400
2004-04-01,43.200001,45.660000,42.105000,43.130001,29.934490,95750200
2004-05-01,43.275002,43.500000,40.334999,42.305000,29.361910,95209000
2004-06-01,42.139999,46.000000,41.994999,45.740002,32.018467,75245600
2004-07-01,45.820000,47.599998,43.910000,46.750000,32.725471,89857000
2004-08-01,46.625000,47.220001,44.580002,46.955002,32.868988,69122000
2004-09-01,46.955002,48.000000,45.474998,46.689999,32.933601,69476200
2004-10-01,46.950001,48.205002,44.240002,46.410000,32.736088,82396400
2004-11-01,46.500000,49.125000,46.410000,48.790001,34.414867,84930800
2004-12-01,49.000000,53.139999,48.325001,51.674999,36.713692,93713800
2005-01-01,51.610001,52.160000,49.470001,50.340000,35.765228,88059600
2005-02-01,50.200001,51.555000,49.025002,49.939999,35.481030,78621400
2005-03-01,49.935001,52.349998,49.345001,50.830002,36.425259,82644800
2005-04-01,51.070000,51.465000,48.424999,50.860001,36.446747,87413600
2005-05-01,50.950001,54.000000,50.025002,53.349998,38.231117,86865400
2005-06-01,53.459999,54.064999,51.099998,51.349998,37.109943,98263300
2005-07-01,51.400002,52.599998,49.660000,50.700001,36.640194,65515700
2005-08-01,50.000000,52.340000,49.200001,50.000000,36.134331,81980800
2005-09-01,49.750000,52.200001,49.720001,51.840000,37.624947,66918200
2005-10-01,51.639999,52.459999,49.290001,51.279999,37.218510,75539400
2005-11-01,51.029999,54.880001,50.689999,53.840000,39.076527,73227200
2005-12-01,54.200001,58.889999,54.150002,55.910000,40.746765,71101400
2006-01-01,56.450001,59.340000,54.200001,58.369999,42.539577,79094000
2006-02-01,58.119999,59.299999,56.200001,58.500000,42.634335,60457300
2006-03-01,58.500000,59.939999,57.060001,57.970001,42.408566,69280900
2006-04-01,58.080002,64.949997,56.580002,62.810001,45.949329,79441200
2006-05-01,63.000000,66.389999,61.750000,62.520000,45.737164,85275600
2006-06-01,62.849998,63.580002,58.849998,63.419998,46.584946,83523200
2006-07-01,64.000000,64.680000,57.450001,62.189999,45.681446,92108700
2006-08-01,62.189999,63.400002,59.500000,62.709999,46.063412,63753400
2006-09-01,63.000000,64.739998,62.189999,63.349998,46.736465,68746300
2006-10-01,63.419998,67.470001,63.330002,65.720001,48.484924,71778500
2006-11-01,65.699997,66.930000,63.630001,64.529999,47.606998,65419800
2006-12-01,64.379997,65.489998,61.799999,62.520000,46.311176,92025000
2007-01-01,62.599998,68.239998,61.849998,68.019997,50.385246,98941100
2007-02-01,68.050003,69.489998,64.750000,65.639999,48.622292,77902400
2007-03-01,64.680000,67.300003,63.450001,65.000000,48.338821,93918700
2007-04-01,65.029999,68.489998,63.650002,67.129997,49.922871,101431800
2007-05-01,66.980003,70.680000,66.980003,70.550003,52.466232,85285800
2007-06-01,70.900002,72.639999,68.849998,70.930000,52.953697,89957700
2007-07-01,71.470001,77.820000,71.400002,72.970001,54.476677,116858600
2007-08-01,73.050003,76.709999,69.000000,74.629997,55.715973,117928300
2007-09-01,74.750000,80.980003,73.110001,80.480003,60.348682,79879300
2007-10-01,80.480003,82.500000,74.940002,76.589996,57.431751,113717200
2007-11-01,75.110001,76.750000,72.599998,74.769997,56.067009,97400200
2007-12-01,74.019997,79.300003,74.019997,76.540001,57.639122,77650100
2008-01-01,76.639999,77.139999,65.199997,73.269997,55.176601,148844100
2008-02-01,73.500000,74.309998,70.360001,70.510002,53.098156,95334600
2008-03-01,69.940002,70.699997,66.139999,68.820000,52.054245,116777700
2008-04-01,69.239998,73.839996,69.239998,72.470001,54.815048,106753100
2008-05-01,72.500000,75.860001,69.500000,71.040001,53.733402,96864500
2008-06-01,70.430000,71.099998,60.509998,61.700001,46.868988,154891700
2008-07-01,60.900002,66.620003,58.869999,63.980000,48.600933,161475000
2008-08-01,64.070000,67.599998,62.650002,65.589996,49.823929,99348200
2008-09-01,66.430000,67.949997,56.150002,60.060001,45.843773,162215400
2008-10-01,59.480000,59.959999,43.279999,54.959999,41.950935,266096600
2008-11-01,54.959999,57.639999,41.759998,48.529999,37.042919,169554200
2008-12-01,47.930000,54.080002,45.049999,53.599998,41.219204,163526700
2009-01-01,53.459999,55.509998,46.939999,47.990002,36.905033,126938900
2009-02-01,47.259998,49.869999,40.099998,40.830002,31.398888,140923500
2009-03-01,40.230000,45.590000,37.400002,42.980000,33.333202,198680000
2009-04-01,42.450001,50.279999,42.060001,48.840000,37.877937,140399800
2009-05-01,49.270000,53.610001,48.660000,52.610001,40.801769,116965600
2009-06-01,53.490002,56.990002,50.439999,51.959999,40.593433,135213800
2009-07-01,52.150002,55.029999,49.000000,54.470001,42.554348,131580300
2009-08-01,54.119999,60.630001,53.669998,59.360001,46.374630,113628600
2009-09-01,59.349998,63.720001,58.599998,60.930000,47.925980,106566900
2009-10-01,60.830002,66.360001,59.310001,61.450001,48.334999,110118000
2009-11-01,61.709999,69.959999,61.430000,67.239998,52.889267,81923900
2009-12-01,68.000000,70.889999,66.750000,69.410004,54.898396,88055400
2010-01-01,70.209999,72.940002,66.500000,67.480003,53.371899,97505300
2010-02-01,67.760002,68.980003,65.010002,68.650002,54.297272,101838200
2010-03-01,68.839996,74.849998,68.839996,73.610001,58.595718,109675500
2010-04-01,73.870003,77.089996,72.930000,74.949997,59.662388,105561700
2010-05-01,75.260002,76.379997,63.790001,67.379997,53.636452,137631400
2010-06-01,66.589996,70.620003,62.880001,64.910004,51.972317,124309000
2010-07-01,64.849998,72.000000,63.619999,71.099998,56.928524,97512700
2010-08-01,72.040001,73.809998,64.570000,65.209999,52.212505,92384800
2010-09-01,66.029999,72.940002,65.680000,71.230003,57.378479,77627600
2010-10-01,71.680000,75.580002,70.230003,74.769997,60.230076,93452400
2010-11-01,75.269997,76.910004,73.430000,75.269997,60.632839,84879000
2010-12-01,76.540001,79.699997,76.540001,78.720001,63.777431,73895800
2011-01-01,79.190002,83.080002,77.809998,81.300003,65.867737,77449800
2011-02-01,81.629997,85.459999,81.430000,83.540001,67.682533,62508100
2011-03-01,83.730003,85.110001,77.050003,84.650002,68.926743,95935400
2011-04-01,85.089996,89.800003,81.190002,89.580002,72.941040,75362800
2011-05-01,90.029999,90.669998,85.209999,87.769997,71.467201,83849400
2011-06-01,87.269997,89.650002,82.430000,88.510002,72.465858,95708300
2011-07-01,88.720001,91.830002,81.500000,82.839996,67.823647,91767300
2011-08-01,83.309998,83.820000,67.120003,74.250000,60.790756,172741800
2011-09-01,74.320000,77.580002,67.320000,70.360001,57.989536,131137000
2011-10-01,69.879997,79.970001,66.870003,77.980003,64.269844,109345000
2011-11-01,76.129997,80.360001,70.410004,76.599998,63.132458,88501200
2011-12-01,76.199997,78.320000,71.599998,73.089996,60.606277,93171400
2012-01-01,74.910004,78.860001,73.620003,78.349998,64.967880,96897900
2012-02-01,78.970001,85.199997,78.970001,83.870003,69.545067,92330900
2012-03-01,83.860001,87.500000,81.000000,82.940002,69.166138,99387800
2012-04-01,82.500000,83.570000,78.349998,81.639999,68.082054,66146200
2012-05-01,81.500000,82.239998,72.139999,74.110001,61.802555,80701700
2012-06-01,72.709999,77.050003,70.709999,75.529999,63.386162,97150000
2012-07-01,75.400002,76.129997,70.949997,74.440002,62.471443,77203200
2012-08-01,74.900002,81.190002,73.099998,79.849998,67.011589,83915700
2012-09-01,79.699997,82.559998,76.930000,78.290001,66.157471,97071700
2012-10-01,78.559998,79.370003,75.690002,78.160004,66.047623,81335200
2012-11-01,78.459999,80.389999,74.440002,80.110001,67.695419,85918400
2012-12-01,80.730003,83.639999,79.339996,82.010002,69.785873,80142300
2013-01-01,83.430000,90.000000,83.110001,87.570000,74.517105,83630700
2013-02-01,87.989998,91.510002,87.989998,90.550003,77.052917,75449800
2013-03-01,90.260002,94.000000,88.489998,93.430000,79.979179,62666900
2013-04-01,93.160004,95.839996,90.620003,91.290001,78.147270,76985000
2013-05-01,91.040001,98.180000,90.919998,94.900002,81.237534,69030600
2013-06-01,95.160004,96.419998,90.300003,92.940002,80.005898,73604000
2013-07-01,93.309998,106.550003,93.120003,105.570000,90.878220,70562500
2013-08-01,106.419998,107.860001,99.500000,100.099998,86.169487,57611200
2013-09-01,101.099998,112.459999,101.089996,107.820000,93.282410,59831800
2013-10-01,108.080002,108.559998,102.209999,106.250000,91.924080,72782100
2013-11-01,106.449997,111.900002,106.019997,110.860001,95.912521,48495300
2013-12-01,111.169998,113.940002,105.900002,113.800003,98.999702,58083600
2014-01-01,112.900002,118.199997,111.570000,114.019997,99.191078,74720800
2014-02-01,114.110001,117.910004,107.000000,117.019997,101.800934,73656000
2014-03-01,115.599998,118.419998,112.320000,116.839996,102.178009,73944300
2014-04-01,117.089996,120.660004,113.540001,118.330002,103.481071,68594100
2014-05-01,118.029999,119.190002,112.599998,116.220001,101.635811,59883800
2014-06-01,116.410004,120.190002,115.059998,115.449997,101.466614,65225100
2014-07-01,115.970001,116.470001,105.099998,105.150002,92.414169,103539700
2014-08-01,104.919998,110.339996,103.139999,107.980003,94.901382,76732700
2014-09-01,108.260002,110.000000,104.250000,105.599998,93.334526,72710500
2014-10-01,105.199997,107.949997,97.300003,107.000000,94.571960,124777100
2014-11-01,107.419998,112.260002,106.029999,110.080002,97.294220,77229800
2014-12-01,109.059998,118.019997,108.699997,115.000000,102.199715,91296700
2015-01-01,115.139999,120.949997,110.230003,114.779999,102.004211,97989800
2015-02-01,115.169998,124.449997,114.050003,121.910004,108.340599,61095800
2015-03-01,121.910004,123.500000,115.019997,117.199997,104.716148,90574600
2015-04-01,117.370003,119.000000,113.290001,113.750000,101.633606,66243100
2015-05-01,114.589996,119.660004,114.269997,117.169998,104.689323,61799700
2015-06-01,117.230003,119.120003,110.620003,110.930000,99.657455,80230500
2015-07-01,112.029999,112.360001,97.589996,100.309998,90.116653,133148200
2015-08-01,100.309998,100.309998,87.169998,91.610001,82.300743,123857300
2015-09-01,89.489998,94.919998,85.500000,88.989998,80.469246,115619600
2015-10-01,88.900002,100.980003,86.820000,98.410004,88.987274,101119200
2015-11-01,98.820000,101.040001,95.940002,96.050003,86.853249,82369900
2015-12-01,96.040001,97.769997,91.629997,96.070000,87.432800,127286200
2016-01-01,94.449997,96.000000,83.389999,87.690002,79.806213,140802700
2016-02-01,87.059998,100.550003,83.849998,96.620003,87.933357,182992600
2016-03-01,92.220001,101.000000,92.070000,100.099998,91.779709,103208300
2016-04-01,99.389999,107.070000,98.419998,104.370003,95.694786,81474600
2016-05-01,103.889999,104.900002,97.940002,100.580002,92.219818,75227000
2016-06-01,100.089996,102.860001,96.889999,102.550003,94.650383,89851400
2016-07-01,102.480003,108.489998,99.309998,107.650002,99.357521,72724700
2016-08-01,107.459999,109.830002,105.889999,106.430000,98.231499,54488300
2016-09-01,106.739998,107.720001,99.849998,101.599998,94.343979,79143000
2016-10-01,101.599998,102.809998,97.620003,102.199997,94.901123,81370600
2016-11-01,102.410004,110.000000,100.720001,107.720001,100.026909,68672200
2016-12-01,108.000000,111.690002,107.070000,109.620003,102.418968,65571000
2017-01-01,110.389999,112.830002,108.250000,109.669998,102.465675,59378900
2017-02-01,109.629997,113.190002,106.849998,112.550003,105.156494,57172900
2017-03-01,113.639999,114.440002,107.050003,112.209999,105.462700,69748700
2017-04-01,112.279999,119.610001,111.239998,118.989998,111.835014,58098200
2017-05-01,119.040001,122.839996,117.959999,121.279999,113.987305,59803200
2017-06-01,121.199997,123.089996,119.080002,122.110001,115.394760,58549800
2017-07-01,122.610001,124.790001,117.849998,118.570000,112.049446,48360700
2017-08-01,119.000000,121.660004,114.440002,119.720001,113.136192,72325000
2017-09-01,119.739998,120.160004,109.099998,116.080002,110.362587,101379400
2017-10-01,116.139999,123.279999,115.940002,119.760002,113.861320,61152600
2017-11-01,120.550003,121.750000,116.300003,121.449997,115.468079,55112000
2017-12-01,121.660004,128.490005,118.790001,127.570000,122.013107,61954300
2018-01-01,127.900002,139.240005,127.169998,138.009995,131.998352,91252200
2018-02-01,136.990005,139.000000,122.209999,134.740005,128.870789,126126600
2018-03-01,135.199997,135.699997,122.139999,125.820000,121.007881,97519200
2018-04-01,125.650002,127.309998,119.370003,120.150002,115.554741,92325300
2018-05-01,120.000000,129.029999,115.400002,124.820000,120.046127,75734900
2018-06-01,125.940002,128.759995,123.180000,125.029999,120.926476,83123600
2018-07-01,123.870003,136.660004,123.099998,135.740005,131.284988,86510600
2018-08-01,134.440002,136.580002,129.610001,131.699997,127.377586,70880000
2018-09-01,131.949997,144.149994,130.529999,139.809998,135.943680,67138600
2018-10-01,141.149994,142.389999,119.190002,124.209999,120.775085,108502700
2018-11-01,125.699997,132.399994,119.230003,121.839996,118.470627,132468200
2018-12-01,123.790001,125.989998,100.480003,106.480003,104.129204,127907500
2019-01-01,105.160004,120.250000,103.230003,118.070000,115.463318,120806400
2019-02-01,119.589996,129.639999,117.879997,125.669998,122.895531,77990600
2019-03-01,126.980003,129.089996,121.480003,128.889999,126.793465,77667600
2019-04-01,129.990005,142.919998,129.990005,142.610001,140.290283,59542900
2019-05-01,143.000000,144.399994,125.529999,126.300003,124.245590,64343200
2019-06-01,126.449997,135.729996,122.180000,130.199997,128.788666,91784400
2019-07-01,131.179993,138.309998,128.940002,133.600006,132.151825,70519300
2019-08-01,133.309998,135.509995,122.440002,130.240005,128.828247,60939000
2019-09-01,128.669998,139.399994,127.639999,136.520004,135.843430,52103500
2019-10-01,136.940002,144.630005,128.630005,143.580002,142.868439,68780400
2019-11-01,144.389999,149.809998,144.339996,148.339996,147.604843,49260700
