1970-01-01,1.929688,1.972656,1.750000,1.761719,0.022011,27481600
1970-02-01,1.761719,1.796875,1.558594,1.687500,0.021083,57363200
1970-03-01,1.687500,1.808594,1.640625,1.789063,0.022352,65884800
1970-04-01,1.792969,1.808594,1.664063,1.675781,0.020937,30211200
1970-05-01,1.675781,1.777344,1.597656,1.773438,0.022157,36627200
1970-06-01,1.773438,1.804688,1.679688,1.710938,0.021736,30995200
1970-07-01,1.710938,1.945313,1.652344,1.937500,0.024614,38864000
1970-08-01,1.933594,2.117188,1.875000,2.058594,0.026153,49964800
1970-09-01,2.054688,2.113281,1.957031,2.093750,0.026993,36291200
1970-10-01,2.093750,2.199219,2.062500,2.171875,0.028000,35942400
1970-11-01,2.171875,2.273438,2.082031,2.261719,0.029158,33971200
1970-12-01,2.261719,2.292969,2.109375,2.292969,0.030011,47372800
1971-01-01,2.292969,2.296875,2.093750,2.207031,0.028886,50083200
1971-02-01,2.214844,2.382813,2.183594,2.347656,0.030727,44028800
1971-03-01,2.343750,2.496094,2.324219,2.492188,0.033039,40752000
1971-04-01,2.492188,2.574219,2.472656,2.488281,0.032987,41164800
1971-05-01,2.480469,2.480469,2.324219,2.371094,0.031434,31340800
1971-06-01,2.371094,2.453125,2.316406,2.355469,0.031591,32387200
1971-07-01,2.355469,2.488281,2.351563,2.390625,0.032062,25382400
1971-08-01,2.398438,2.417969,2.175781,2.214844,0.029705,52320000
1971-09-01,2.214844,2.320313,2.113281,2.250000,0.030565,31068800
1971-10-01,2.250000,2.335938,2.175781,2.187500,0.029716,31974400
1971-11-01,2.187500,2.250000,2.101563,2.152344,0.029238,38224000
1971-12-01,2.152344,2.335938,2.152344,2.304688,0.031772,34953600
1972-01-01,2.304688,2.433594,2.281250,2.351563,0.032418,35113600
1972-02-01,2.351563,2.429688,2.335938,2.359375,0.032525,29270400
1972-03-01,2.359375,2.421875,2.125000,2.195313,0.030646,54880000
1972-04-01,2.207031,2.246094,2.171875,2.179688,0.030427,33721600
1972-05-01,2.179688,2.394531,2.171875,2.347656,0.032772,38284800
1972-06-01,2.347656,2.351563,2.203125,2.316406,0.032774,35392000
1972-07-01,2.316406,2.437500,2.289063,2.371094,0.033548,39472000
1972-08-01,2.367188,2.550781,2.343750,2.535156,0.035869,54844800
1972-09-01,2.535156,2.554688,2.437500,2.535156,0.036318,32419200
1972-10-01,2.535156,2.660156,2.527344,2.609375,0.037381,45772800
1972-11-01,2.625000,2.789063,2.625000,2.726563,0.039060,52544000
1972-12-01,2.738281,2.769531,2.640625,2.734375,0.039614,33200000
1973-01-01,2.734375,2.972656,2.734375,2.960938,0.042897,54726400
1973-02-01,2.968750,2.980469,2.734375,2.792969,0.040463,53500800
1973-03-01,2.796875,2.972656,2.726563,2.949219,0.043160,52428800
1973-04-01,2.949219,3.226563,2.914063,3.007813,0.044017,68393600
1973-05-01,3.007813,3.136719,2.851563,2.933594,0.042931,56432000
1973-06-01,2.929688,3.125000,2.906250,3.078125,0.045492,33030400
1973-07-01,3.078125,3.085938,2.804688,2.992188,0.044222,48243200
1973-08-01,2.992188,3.000000,2.703125,2.777344,0.041046,38720000
1973-09-01,2.757813,2.968750,2.621094,2.902344,0.043397,34995200
1973-10-01,2.902344,3.046875,2.738281,2.953125,0.044156,66140800
1973-11-01,2.953125,3.046875,2.714844,2.804688,0.041937,54499200
1973-12-01,2.792969,2.964844,2.687500,2.941406,0.044567,37961600
1974-01-01,2.949219,3.117188,2.632813,2.703125,0.040957,52540800
1974-02-01,2.703125,2.703125,2.472656,2.613281,0.039596,29379200
1974-03-01,2.613281,2.777344,2.539063,2.542969,0.039030,34726400
1974-04-01,2.539063,2.550781,2.402344,2.414063,0.037051,24448000
1974-05-01,2.414063,2.578125,2.183594,2.265625,0.034773,33264000
1974-06-01,2.265625,2.468750,2.191406,2.191406,0.034112,27372800
1974-07-01,2.191406,2.425781,2.117188,2.339844,0.036423,28304000
1974-08-01,2.339844,2.492188,2.066406,2.101563,0.032713,29929600
1974-09-01,2.101563,2.125000,1.828125,1.835938,0.029048,33737600
1974-10-01,1.835938,2.218750,1.714844,2.140625,0.033869,49331200
1974-11-01,2.140625,2.195313,1.820313,1.960938,0.031026,34579200
1974-12-01,1.953125,2.019531,1.816406,2.019531,0.032688,37913600
1975-01-01,2.031250,2.343750,2.031250,2.285156,0.036988,49408000
1975-02-01,2.285156,2.445313,2.238281,2.417969,0.039138,44268800
1975-03-01,2.417969,2.488281,2.179688,2.312500,0.038058,35318400
1975-04-01,2.312500,2.531250,2.195313,2.531250,0.042378,34528000
1975-05-01,2.531250,2.742188,2.500000,2.738281,0.045844,38675200
1975-06-01,2.757813,2.890625,2.667969,2.890625,0.049119,48265600
1975-07-01,2.886719,2.886719,2.710938,2.718750,0.046198,41724800
1975-08-01,2.718750,2.746094,2.636719,2.710938,0.046066,29104000
1975-09-01,2.710938,2.906250,2.675781,2.734375,0.047141,28118400
1975-10-01,2.734375,2.937500,2.710938,2.785156,0.048017,46835200
1975-11-01,2.785156,2.808594,2.617188,2.687500,0.046333,39968000
1975-12-01,2.687500,2.804688,2.601563,2.773438,0.048497,35878400
1976-01-01,2.781250,2.906250,2.781250,2.843750,0.049726,59827200
1976-02-01,2.843750,2.898438,2.667969,2.722656,0.047609,60624000
1976-03-01,2.726563,2.972656,2.691406,2.933594,0.052004,64624000
1976-04-01,2.933594,3.011719,2.796875,2.945313,0.052211,68025600
1976-05-01,2.941406,3.183594,2.910156,3.152344,0.055881,75196800
1976-06-01,3.152344,3.304688,3.136719,3.269531,0.058788,64691200
1976-07-01,3.269531,3.398438,3.234375,3.320313,0.059701,59057600
1976-08-01,3.320313,3.437500,3.125000,3.304688,0.059420,46785600
1976-09-01,3.304688,3.554688,3.265625,3.468750,0.063186,53171200
1976-10-01,3.468750,3.492188,3.164063,3.281250,0.059770,46518400
1976-11-01,3.281250,3.320313,2.953125,3.195313,0.058205,51424000
1976-12-01,3.195313,3.359375,3.164063,3.351563,0.061884,59315200
1977-01-01,3.343750,3.382813,3.210938,3.343750,0.061740,51798400
1977-02-01,3.343750,3.445313,3.132813,3.179688,0.058710,47812800
1977-03-01,3.179688,3.320313,3.101563,3.171875,0.059389,49806400
1977-04-01,3.171875,3.320313,3.125000,3.226563,0.060413,41913600
1977-05-01,3.226563,3.320313,3.164063,3.195313,0.059828,36664000
1977-06-01,3.195313,3.343750,3.148438,3.343750,0.063513,49798400
1977-07-01,3.343750,3.484375,3.171875,3.226563,0.061287,47048000
1977-08-01,3.226563,3.273438,2.929688,3.031250,0.057577,56702400
1977-09-01,3.031250,3.125000,2.976563,3.015625,0.058120,54820800
1977-10-01,3.015625,3.046875,2.859375,2.945313,0.056765,41443200
1977-11-01,2.945313,3.070313,2.875000,2.906250,0.056012,41825600
1977-12-01,2.906250,3.015625,2.804688,3.007813,0.058905,58044800
1978-01-01,3.000000,3.000000,2.687500,2.859375,0.055998,67481600
1978-02-01,2.859375,2.945313,2.734375,2.750000,0.053856,43219200
1978-03-01,2.750000,2.906250,2.734375,2.789063,0.055567,50123200
1978-04-01,2.789063,3.039063,2.750000,2.945313,0.058680,67350400
1978-05-01,2.953125,3.109375,2.898438,2.921875,0.058213,66841600
1978-06-01,2.921875,2.992188,2.703125,2.742188,0.055537,66819200
1978-07-01,2.742188,2.914063,2.687500,2.906250,0.058860,65619200
1978-08-01,2.906250,3.140625,2.867188,3.085938,0.062499,81550400
1978-09-01,3.085938,3.312500,3.078125,3.242188,0.066848,67420800
1978-10-01,3.257813,3.351563,2.968750,3.000000,0.061854,67011200
1978-11-01,3.039063,3.304688,3.000000,3.070313,0.063304,60867200
1978-12-01,3.101563,3.187500,3.031250,3.070313,0.064341,51387200
1979-01-01,3.070313,3.234375,3.046875,3.195313,0.066960,59598400
1979-02-01,3.195313,3.218750,3.054688,3.078125,0.064504,57070400
1979-03-01,3.117188,3.429688,3.085938,3.296875,0.070330,96592000
1979-04-01,3.289063,3.429688,3.234375,3.320313,0.070830,55512000
1979-05-01,3.320313,3.398438,3.070313,3.109375,0.066330,58731200
1979-06-01,3.109375,3.367188,3.093750,3.367188,0.073082,71012800
1979-07-01,3.367188,3.484375,3.125000,3.421875,0.074269,78385600
1979-08-01,3.421875,3.562500,3.296875,3.507813,0.076135,85457600
1979-09-01,3.507813,3.765625,3.375000,3.687500,0.081524,66560000
1979-10-01,3.679688,3.828125,3.437500,3.593750,0.079451,92155200
1979-11-01,3.593750,3.687500,3.484375,3.625000,0.080142,65644800
1979-12-01,3.617188,3.640625,3.421875,3.445313,0.077635,91459200
1980-01-01,3.445313,3.960938,3.250000,3.804688,0.085733,153299200
1980-02-01,3.804688,4.234375,3.781250,4.085938,0.092071,137476800
1980-03-01,4.085938,4.179688,3.382813,3.617188,0.083088,128611200
1980-04-01,3.617188,3.796875,3.406250,3.796875,0.087215,101326400
1980-05-01,3.796875,4.093750,3.687500,4.000000,0.091881,110024000
1980-06-01,4.000000,4.367188,3.968750,4.140625,0.097140,95454400
1980-07-01,4.156250,4.546875,4.156250,4.351563,0.102089,101260800
1980-08-01,4.351563,4.546875,4.335938,4.375000,0.102638,94387200
1980-09-01,4.375000,4.570313,4.218750,4.359375,0.104333,98430400
1980-10-01,4.359375,5.046875,4.273438,4.757813,0.113869,96811200
1980-11-01,4.765625,5.546875,4.765625,5.492188,0.131444,83264000
1980-12-01,5.492188,5.492188,4.812500,5.039063,0.122941,83619200
1981-01-01,5.039063,5.125000,4.718750,4.859375,0.118557,88873600
1981-02-01,4.835938,4.835938,4.359375,4.500000,0.109790,87532800
1981-03-01,4.500000,4.562500,4.234375,4.289063,0.106754,109337600
1981-04-01,4.289063,4.312500,4.140625,4.281250,0.106559,122721600
1981-05-01,4.281250,4.328125,3.976563,4.046875,0.100726,125550400
1981-06-01,4.054688,4.453125,4.000000,4.281250,0.108963,101877600
1981-07-01,4.281250,4.453125,4.140625,4.359375,0.110951,83802400
1981-08-01,4.359375,4.500000,4.046875,4.062500,0.103395,77300800
1981-09-01,4.062500,4.218750,3.703125,3.890625,0.101150,97804000
1981-10-01,3.890625,3.937500,3.687500,3.796875,0.098713,105525600
1981-11-01,3.796875,4.125000,3.734375,4.093750,0.106431,113048800
1981-12-01,4.093750,4.140625,3.765625,3.906250,0.104034,91752000
1982-01-01,3.875000,3.906250,3.671875,3.828125,0.101953,121954400
1982-02-01,3.781250,3.812500,3.500000,3.593750,0.095711,91792800
1982-03-01,3.593750,3.703125,3.421875,3.515625,0.098494,144076800
1982-04-01,3.531250,3.609375,3.437500,3.531250,0.098932,112255200
1982-05-01,3.531250,3.703125,3.468750,3.500000,0.098056,109768800
1982-06-01,3.515625,3.562500,3.359375,3.468750,0.099716,93544800
1982-07-01,3.453125,3.484375,3.218750,3.250000,0.093428,119706400
1982-08-01,3.296875,3.656250,3.109375,3.562500,0.102411,179028800
1982-09-01,3.515625,3.734375,3.421875,3.500000,0.103574,130493600
1982-10-01,3.484375,4.031250,3.453125,3.703125,0.109585,220542400
1982-11-01,3.703125,3.953125,3.468750,3.500000,0.103574,207508800
1982-12-01,3.515625,3.765625,3.390625,3.718750,0.112731,175180000
1983-01-01,3.671875,3.921875,3.609375,3.765625,0.114152,167647200
1983-02-01,3.750000,3.828125,3.562500,3.656250,0.110836,177888800
1983-03-01,3.718750,3.921875,3.671875,3.859375,0.119981,174123200
1983-04-01,3.828125,4.437500,3.765625,4.421875,0.137468,163082400
1983-05-01,4.437500,4.468750,4.125000,4.218750,0.131153,126664000
1983-06-01,4.218750,4.390625,4.109375,4.218750,0.134005,114227200
1983-07-01,4.250000,4.562500,4.203125,4.484375,0.142442,96528000
1983-08-01,4.484375,4.921875,4.421875,4.750000,0.150879,189189600
1983-09-01,4.765625,4.906250,4.562500,4.562500,0.148126,109262400
1983-10-01,4.562500,4.968750,4.515625,4.781250,0.155228,132325600
1983-11-01,4.781250,4.968750,4.578125,4.718750,0.153199,132837600
1983-12-01,4.718750,4.968750,4.593750,4.671875,0.154843,101990400
1984-01-01,4.656250,4.968750,4.578125,4.968750,0.164683,126086400
1984-02-01,4.968750,5.000000,4.515625,4.812500,0.159504,135842400
1984-03-01,4.843750,4.953125,4.609375,4.828125,0.163341,107324000
1984-04-01,4.828125,5.390625,4.750000,5.328125,0.180256,141480800
1984-05-01,5.328125,5.390625,4.953125,4.984375,0.168627,191501600
1984-06-01,5.000000,5.125000,4.781250,5.109375,0.176341,167780800
1984-07-01,5.093750,5.218750,4.750000,4.796875,0.165556,136685600
1984-08-01,4.796875,5.468750,4.750000,5.375000,0.185509,217400000
1984-09-01,5.359375,5.671875,5.328125,5.593750,0.197291,155017600
1984-10-01,5.578125,5.687500,5.125000,5.468750,0.192882,206718400
1984-11-01,5.484375,5.609375,5.343750,5.406250,0.190678,138966400
1984-12-01,5.421875,5.625000,5.312500,5.625000,0.202279,130500800
1985-01-01,5.609375,6.062500,5.515625,6.000000,0.215764,170295200
1985-02-01,5.968750,6.046875,5.765625,5.937500,0.213516,149500800
1985-03-01,5.953125,6.359375,5.921875,6.281250,0.229918,132103200
1985-04-01,6.234375,6.765625,6.187500,6.437500,0.235637,107101600
1985-05-01,6.453125,6.781250,6.156250,6.750000,0.247076,129675200
1985-06-01,6.750000,6.812500,6.234375,6.734375,0.250580,126180000
1985-07-01,6.703125,6.734375,6.406250,6.562500,0.244185,141728800
1985-08-01,6.578125,6.609375,6.312500,6.593750,0.245348,103317600
1985-09-01,6.593750,6.593750,6.046875,6.484375,0.245327,108110400
1985-10-01,6.500000,6.875000,6.359375,6.875000,0.260106,135417600
1985-11-01,6.812500,6.984375,6.531250,6.671875,0.252421,105299200
1985-12-01,6.671875,6.890625,6.125000,6.890625,0.265004,224056800
1986-01-01,6.875000,7.015625,6.187500,6.468750,0.248779,193724800
1986-02-01,6.468750,6.843750,6.046875,6.531250,0.251183,195362400
1986-03-01,6.531250,7.140625,6.453125,6.968750,0.311323,170290400
1986-04-01,7.000000,7.328125,6.765625,7.078125,0.316209,143535200
1986-05-01,7.000000,7.515625,6.968750,7.484375,0.334358,140169600
1986-06-01,7.500000,7.703125,7.312500,7.609375,0.386519,108103200
1986-07-01,7.578125,7.687500,7.187500,7.593750,0.385725,116440800
1986-08-01,7.562500,8.718750,7.500000,8.609375,0.437314,176232000
1986-09-01,8.625000,8.906250,8.000000,8.406250,0.481003,188786400
1986-10-01,8.406250,8.718750,8.187500,8.500000,0.486368,128466400
1986-11-01,8.531250,8.765625,8.203125,8.656250,0.495308,144118400
1986-12-01,8.546875,9.265625,8.500000,8.765625,0.559071,222530400
1987-01-01,8.906250,10.578125,8.765625,10.343750,0.659724,187705600
1987-02-01,10.328125,10.625000,9.531250,9.796875,0.624844,168090400
1987-03-01,9.781250,11.125000,9.750000,10.718750,0.748153,175820000
1987-04-01,10.656250,11.500000,10.531250,10.828125,0.755787,201853600
1987-05-01,10.750000,11.328125,10.640625,10.875000,0.759059,163461600
1987-06-01,10.937500,11.781250,10.828125,11.656250,0.885641,146688800
1987-07-01,11.609375,12.125000,11.343750,11.765625,0.893952,149542400
1987-08-01,11.875000,12.531250,11.671875,12.453125,0.946188,189709600
1987-09-01,12.484375,12.593750,11.281250,12.156250,1.006888,155925600
1987-10-01,12.281250,12.500000,7.718750,10.656250,0.882645,222472400
1987-11-01,10.375000,11.000000,9.000000,9.187500,0.760991,116646000
1987-12-01,9.312500,10.500000,8.812500,9.531250,0.828329,131424000
1988-01-01,9.718750,10.500000,9.156250,10.500000,0.912519,128872400
1988-02-01,10.500000,10.906250,9.750000,10.656250,0.926099,112541200
1988-03-01,10.625000,11.156250,10.343750,10.500000,0.959315,134066000
1988-04-01,10.437500,11.375000,10.281250,11.218750,1.024983,136432000
1988-05-01,11.218750,11.437500,10.781250,11.250000,1.027838,89578000
1988-06-01,11.125000,11.968750,10.875000,11.343750,1.090788,149382000
1988-07-01,11.281250,11.843750,11.031250,11.843750,1.138866,98825600
1988-08-01,11.781250,11.937500,11.250000,11.625000,1.117832,112506800
1988-09-01,11.562500,11.750000,11.031250,11.187500,1.128739,133003200
1988-10-01,11.125000,11.687500,10.843750,11.187500,1.128739,99668800
1988-11-01,11.156250,11.343750,10.093750,10.812500,1.090904,100018400
1988-12-01,10.781250,11.625000,10.562500,11.000000,1.167372,101334400
1989-01-01,10.875000,11.593750,10.781250,11.593750,1.230384,101827600
1989-02-01,11.500000,11.593750,10.843750,10.968750,1.164057,85284800
1989-03-01,11.000000,11.531250,10.718750,10.968750,1.222525,118401200
1989-04-01,10.906250,11.218750,10.375000,10.781250,1.201627,162047200
1989-05-01,10.718750,11.062500,10.437500,10.781250,1.201627,121500800
1989-06-01,10.781250,11.500000,10.750000,11.000000,1.293144,118291200
1989-07-01,11.062500,11.687500,10.875000,11.437500,1.344576,101170400
1989-08-01,11.468750,11.562500,10.781250,10.937500,1.285797,125412800
1989-09-01,10.937500,11.406250,10.906250,11.187500,1.387582,106638000
1989-10-01,11.187500,11.718750,10.812500,11.500000,1.426341,124611600
1989-11-01,11.531250,12.031250,11.250000,11.812500,1.465101,77686400
1989-12-01,11.843750,12.906250,11.812500,12.500000,1.635470,102131600
1990-01-01,12.468750,12.625000,11.406250,11.750000,1.537341,106407600
1990-02-01,11.812500,12.281250,11.562500,11.750000,1.537341,87748800
1990-03-01,11.687500,11.937500,11.375000,11.562500,1.592430,93473200
1990-04-01,11.468750,11.812500,11.218750,11.312500,1.557999,74631600
1990-05-01,11.375000,12.156250,11.250000,12.000000,1.652684,101425200
1990-06-01,12.031250,12.312500,11.687500,11.968750,1.738088,96683200
1990-07-01,11.906250,13.000000,11.687500,12.968750,1.883307,112125200
1990-08-01,13.000000,13.781250,12.125000,12.500000,1.815236,150198000
1990-09-01,12.500000,12.968750,12.187500,12.250000,1.861273,92159200
1990-10-01,12.281250,12.625000,11.812500,12.250000,1.861273,99960400
1990-11-01,12.343750,12.843750,12.062500,12.656250,1.922999,86538800
1990-12-01,12.687500,13.125000,12.312500,12.937500,2.077953,78140000
1991-01-01,12.937500,13.250000,12.406250,12.906250,2.072932,94615200
1991-02-01,12.812500,14.000000,12.531250,13.781250,2.213470,120037200
1991-03-01,13.718750,14.968750,13.625000,14.625000,2.478601,91663600
1991-04-01,14.593750,15.343750,14.125000,14.875000,2.520971,99406000
1991-05-01,14.937500,15.187500,13.968750,14.562500,2.468010,106229200
1991-06-01,14.562500,14.937500,14.062500,14.531250,2.580163,77909200
1991-07-01,14.593750,15.031250,14.218750,14.843750,2.635649,78870800
1991-08-01,14.875000,14.968750,14.156250,14.562500,2.585711,83602400
1991-09-01,14.562500,14.968750,14.375000,14.875000,2.765229,69794400
1991-10-01,14.937500,15.468750,14.656250,15.250000,2.834941,88568400
1991-11-01,15.281250,15.437500,14.281250,14.656250,2.724564,78616000
1991-12-01,14.500000,15.250000,13.968750,15.218750,2.957761,96914800
1992-01-01,15.062500,15.312500,14.437500,14.562500,2.830220,106293200
1992-02-01,14.562500,14.906250,14.125000,14.281250,2.775558,81080000
1992-03-01,14.250000,14.343750,13.437500,13.687500,2.785634,89134800
1992-04-01,13.625000,15.031250,13.562500,15.000000,3.052751,96218400
1992-05-01,15.031250,16.062500,14.593750,15.156250,3.084547,103641600
1992-06-01,15.187500,15.906250,15.187500,15.468750,3.308635,82929600
1992-07-01,15.468750,15.937500,15.250000,15.875000,3.395529,81220800
1992-08-01,15.843750,16.375000,15.687500,16.062500,3.435633,81331600
1992-09-01,16.031250,16.187500,15.500000,15.968750,3.576852,76162000
1992-10-01,16.031250,16.031250,15.218750,15.312500,3.429859,69050000
1992-11-01,15.343750,15.343750,14.531250,14.875000,3.331862,76940400
1992-12-01,14.875000,15.718750,14.562500,15.281250,3.595821,84966800
1993-01-01,15.312500,15.593750,14.437500,15.281250,3.595821,98809600
1993-02-01,15.343750,16.218750,15.187500,15.906250,3.742888,96919600
1993-03-01,15.875000,16.687500,15.500000,16.531250,4.077864,95874400
1993-04-01,16.531250,17.250000,15.968750,16.500000,4.070157,102219600
1993-05-01,16.593750,16.625000,15.812500,16.375000,4.039320,87368400
1993-06-01,16.343750,16.843750,16.093750,16.531250,4.265787,101565200
1993-07-01,16.531250,16.687500,15.843750,16.406250,4.233531,79988000
1993-08-01,16.437500,16.687500,15.937500,16.343750,4.217403,83779600
1993-09-01,16.281250,16.687500,16.062500,16.375000,4.422159,88834400
1993-10-01,16.375000,16.593750,16.000000,16.343750,4.413719,76925600
1993-11-01,16.281250,16.375000,15.250000,15.687500,4.236497,89428000
1993-12-01,15.718750,16.062500,15.375000,15.781250,4.460599,93592400
1994-01-01,15.812500,16.687500,15.781250,16.625000,4.699088,104489200
1994-02-01,16.625000,16.843750,16.218750,16.218750,4.584260,78646800
1994-03-01,16.156250,16.593750,15.375000,15.718750,4.642493,105986800
1994-04-01,15.406250,15.906250,15.093750,15.718750,4.642493,107590400
1994-05-01,15.718750,15.718750,15.093750,15.281250,4.513276,84946400
1994-06-01,15.250000,15.593750,14.031250,14.187500,4.391807,164724800
1994-07-01,14.281250,14.968750,14.125000,14.875000,4.604627,75602000
1994-08-01,14.875000,15.218750,14.500000,14.875000,4.604627,92463600
1994-09-01,14.875000,15.156250,14.343750,14.375000,4.674704,101888400
1994-10-01,14.406250,15.812500,14.062500,15.718750,5.111688,109044400
1994-11-01,15.562500,15.687500,14.781250,15.093750,4.908441,91242800
1994-12-01,15.031250,15.531250,14.781250,15.187500,5.192206,96888400
1995-01-01,15.125000,16.000000,15.031250,15.625000,5.341778,85365200
1995-02-01,15.656250,16.093750,15.343750,15.968750,5.459296,91049600
1995-03-01,15.968750,16.750000,15.687500,16.656250,5.980240,110820400
1995-04-01,16.625000,17.562500,16.500000,17.375000,6.238297,109906800
1995-05-01,17.437500,17.968750,17.343750,17.843750,6.406600,116496800
1995-06-01,17.812500,18.093750,17.125000,17.656250,6.618440,123768800
1995-07-01,17.656250,18.468750,17.656250,18.125000,6.794153,99212800
1995-08-01,18.093750,18.093750,17.031250,17.187500,6.442732,102002400
1995-09-01,17.156250,18.562500,17.156250,18.062500,7.069983,101004400
1995-10-01,18.031250,19.218750,17.843750,19.093750,7.473632,99992400
1995-11-01,19.093750,20.031250,18.656250,19.343750,7.571486,88534400
1995-12-01,19.312500,21.500000,19.281250,20.281250,8.261907,135798000
1996-01-01,20.062500,21.250000,19.406250,20.062500,8.172800,132827200
1996-02-01,20.062500,21.156250,19.531250,19.875000,8.096419,131040000
1996-03-01,19.906250,21.500000,19.406250,20.375000,8.617300,159090800
1996-04-01,20.531250,21.500000,19.968750,21.250000,8.987370,137387200
1996-05-01,21.156250,22.187500,20.500000,21.187500,8.960935,141999200
1996-06-01,21.125000,21.875000,20.843750,21.718750,9.546359,111288400
1996-07-01,21.750000,22.531250,20.343750,20.562500,9.038132,143424400
1996-08-01,20.546875,21.250000,20.000000,20.375000,8.955718,144430400
1996-09-01,20.750000,21.812500,20.687500,20.812500,9.511797,121342000
1996-10-01,20.812500,22.625000,20.718750,22.156250,10.125920,133687200
1996-11-01,22.187500,23.906250,21.937500,23.593750,10.782890,110096400
1996-12-01,23.531250,25.312500,23.281250,24.500000,11.611075,132886000
1997-01-01,24.562500,26.750000,24.125000,25.906250,12.277524,185108000
1997-02-01,25.906250,26.312500,24.968750,25.062500,11.877653,124623200
1997-03-01,24.750000,27.812500,24.718750,26.937500,13.170823,156667200
1997-04-01,26.750000,28.500000,24.937500,28.312500,13.843119,163431600
1997-05-01,27.875000,30.125000,27.312500,29.625000,14.484853,142339000
1997-06-01,29.750000,32.562500,29.437500,30.625000,15.188522,144493400
1997-07-01,30.750000,32.812500,30.000000,32.125000,15.932458,136330400
1997-08-01,32.125000,32.718750,29.312500,30.593750,15.173026,127969200
1997-09-01,30.656250,33.625000,30.593750,32.031250,16.098881,122988800
1997-10-01,32.125000,33.437500,27.375000,30.718750,15.439216,152865400
1997-11-01,31.062500,32.062500,29.312500,30.500000,15.329274,107004200
1997-12-01,30.500000,32.375000,29.625000,30.593750,15.585035,123933800
1998-01-01,30.531250,31.093750,28.312500,29.656250,15.107452,149596000
1998-02-01,30.375000,32.218750,30.093750,31.875000,16.237732,115262800
1998-03-01,31.937500,35.000000,31.062500,33.812500,17.455830,145353800
1998-04-01,33.875000,37.343750,32.687500,36.531250,18.859394,141879800
1998-05-01,37.000000,38.000000,34.500000,35.250000,18.197948,116825200
1998-06-01,35.250000,36.531250,33.687500,35.687500,18.632572,136540200
1998-07-01,36.031250,36.906250,34.093750,35.125000,18.338884,113450400
1998-08-01,34.812500,36.031250,32.000000,32.718750,17.082575,160266200
1998-09-01,32.250000,35.781250,31.000000,35.312500,18.663086,171152400
1998-10-01,35.093750,38.468750,34.718750,35.812500,18.927343,185060600
1998-11-01,35.687500,38.656250,34.781250,37.500000,19.819197,133619800
1998-12-01,36.250000,38.343750,35.031250,36.562500,19.541729,191454400
1999-01-01,36.375000,37.906250,34.781250,35.125000,18.773430,152538200
1999-02-01,35.031250,36.718750,33.187500,33.281250,17.787991,160680200
1999-03-01,33.156250,38.187500,32.156250,35.281250,19.075140,206410000
1999-04-01,35.156250,42.625000,34.718750,41.531250,22.454256,196539400
1999-05-01,41.500000,43.625000,38.781250,39.937500,21.592587,180442400
1999-06-01,39.812500,41.718750,37.437500,38.562500,21.057365,156534200
1999-07-01,38.562500,40.812500,37.656250,39.687500,21.671686,149662400
1999-08-01,39.875000,41.468750,38.656250,39.437500,21.535170,158931400
1999-09-01,39.500000,41.500000,36.062500,38.000000,20.961924,165429800
1999-10-01,37.968750,38.468750,35.625000,37.031250,20.427536,176728200
1999-11-01,37.031250,40.687500,35.031250,39.656250,21.875563,177529000
1999-12-01,39.625000,43.281250,39.625000,40.281250,22.486614,222137400
2000-01-01,39.750000,43.156250,38.250000,41.437500,23.132082,250602200
2000-02-01,41.656250,42.437500,34.937500,37.656250,21.021235,221046200
2000-03-01,37.687500,41.000000,36.000000,39.000000,22.016811,279745400
2000-04-01,38.875000,41.562500,37.500000,38.843750,21.928612,201420000
2000-05-01,39.156250,41.968750,38.500000,41.656250,23.516352,193631800
2000-06-01,41.781250,42.375000,38.843750,39.250000,22.399807,235361600
2000-07-01,39.406250,40.562500,37.562500,40.093750,22.881338,204308600
2000-08-01,40.468750,42.375000,39.875000,40.820313,23.295990,186959200
2000-09-01,41.000000,45.375000,40.875000,44.554688,25.706245,273431600
2000-10-01,44.687500,47.718750,42.906250,44.593750,25.728775,277293600
2000-11-01,44.968750,47.343750,43.281250,44.000000,25.386204,219069400
2000-12-01,43.968750,45.687500,42.031250,43.468750,25.325445,246466000
2001-01-01,43.343750,44.875000,39.343750,42.075001,24.513409,311749600
2001-02-01,42.075001,43.325001,40.450001,40.525002,23.610367,202850800
2001-03-01,40.400002,43.244999,37.599998,40.500000,24.095959,277832200
2001-04-01,40.500000,44.939999,38.500000,44.299999,26.356819,265479800
2001-05-01,44.400002,45.325001,42.724998,44.375000,26.401447,256474800
2001-06-01,44.500000,45.834999,43.080002,43.674999,26.242350,249846400
2001-07-01,44.125000,44.400002,40.520000,41.759998,25.097368,225712600
2001-08-01,42.450001,42.490002,40.049999,40.150002,24.129780,190175200
2001-09-01,40.599998,41.500000,35.009998,39.400002,23.811808,194900700
2001-10-01,39.250000,42.700001,38.049999,39.450001,23.842010,225004000
2001-11-01,39.450001,40.580002,36.759998,37.400002,22.603077,241588300
2001-12-01,37.400002,40.299999,36.410000,39.299999,23.890579,239401800
2002-01-01,39.299999,40.090000,37.799999,39.049999,23.738594,199811900
2002-02-01,39.150002,41.799999,37.599998,41.299999,25.106384,201045400
2002-03-01,41.750000,44.290001,41.650002,43.830002,26.802771,220308800
2002-04-01,44.200001,44.570000,39.599998,40.169998,24.564619,241394100
2002-05-01,39.900002,41.130001,38.680000,39.930000,24.417854,214574500
2002-06-01,40.000000,41.020000,38.500000,40.919998,25.167933,234310800
2002-07-01,40.770000,41.099998,29.750000,36.759998,22.609312,419930100
2002-08-01,35.250000,37.799999,32.320000,35.450001,21.803604,256030500
2002-09-01,34.250000,35.799999,31.180000,31.900000,19.746323,237509300
2002-10-01,32.180000,36.500000,32.029999,33.660000,20.835772,325718700
2002-11-01,33.799999,35.849998,33.000000,34.799999,21.541445,219486100
2002-12-01,35.150002,36.220001,34.099998,34.939999,21.770720,245602600
2003-01-01,35.000000,36.599998,31.580000,34.150002,21.278477,268464500
2003-02-01,34.160000,35.090000,32.320000,34.020000,21.197475,220545200
2003-03-01,34.389999,36.200001,33.230000,34.950001,21.924704,271091900
2003-04-01,35.250000,36.000000,34.200001,35.200001,22.081530,230596000
2003-05-01,35.320000,36.770000,34.990002,36.400002,22.834305,241625800
2003-06-01,36.529999,38.450001,35.910000,35.910000,22.687422,244445200
2003-07-01,35.950001,36.400002,34.900002,35.580002,22.478928,260446600
2003-08-01,35.570000,37.740002,35.119999,37.700001,23.818316,212805700
2003-09-01,37.790001,38.500000,36.349998,36.599998,23.282728,224083400
2003-10-01,36.919998,38.930000,36.119999,36.580002,23.270014,256091700
2003-11-01,36.919998,36.990002,35.049999,36.200001,23.028269,224482300
2003-12-01,36.500000,41.130001,36.220001,41.000000,26.264542,257997900
2004-01-01,41.020000,41.770000,40.020000,40.790001,26.130024,238350800
2004-02-01,41.259998,42.750000,40.049999,42.169998,27.014050,199643700
2004-03-01,42.580002,43.400002,39.910000,41.590000,26.807945,285284900
2004-04-01,41.900002,43.970001,41.430000,42.549999,27.426737,225169900
2004-05-01,42.900002,44.240002,41.590000,43.250000,27.877941,237764400
2004-06-01,43.500000,45.529999,43.099998,44.410000,28.810650,249433500
2004-07-01,44.529999,46.820000,44.200001,46.299999,30.036770,217947100
2004-08-01,46.290001,46.939999,44.200001,46.099998,29.907013,245975700
2004-09-01,46.200001,49.790001,46.029999,48.330002,31.541752,262349900
2004-10-01,48.450001,50.459999,48.180000,49.220001,32.122593,247700600
2004-11-01,49.400002,52.000000,48.250000,51.250000,33.447437,244145100
2004-12-01,51.259998,52.049999,48.900002,51.259998,33.634972,286965800
2005-01-01,51.020000,51.970001,49.250000,51.599998,33.858070,245378900
2005-02-01,51.980000,64.040001,51.930000,63.310001,41.541748,368112500
2005-03-01,62.970001,64.370003,57.380001,59.599998,39.298908,550792900
2005-04-01,60.099998,61.740002,55.400002,57.029999,37.604321,420482400
2005-05-01,57.000000,58.650002,52.779999,56.200001,37.057037,401416300
2005-06-01,56.450001,61.130001,56.330002,57.470001,38.087440,359084600
2005-07-01,57.750000,60.730000,57.599998,58.750000,38.935749,329633500
2005-08-01,59.230000,61.340000,57.759998,59.900002,39.697891,394547100
2005-09-01,60.099998,65.959999,60.099998,63.540001,42.316647,430770300
2005-10-01,63.549999,63.889999,54.500000,56.139999,37.388351,519294300
2005-11-01,56.090000,60.259998,55.840000,58.029999,38.647053,391813500
2005-12-01,58.369999,60.380001,55.599998,56.169998,37.599289,333738200
2006-01-01,56.419998,63.959999,56.419998,62.750000,42.003849,408984300
2006-02-01,62.770000,63.080002,58.599998,59.369999,39.741318,366218200
2006-03-01,59.590000,61.919998,58.439999,60.860001,40.955143,423277300
2006-04-01,61.360001,65.000000,60.430000,63.080002,42.449078,341320100
2006-05-01,63.400002,64.769997,59.150002,60.910000,40.988792,433413200
2006-06-01,60.400002,62.650002,56.639999,61.349998,41.492565,503806800
2006-07-01,61.799999,67.940002,61.630001,67.739998,45.814259,419971700
2006-08-01,67.239998,71.220001,67.010002,67.669998,45.766918,507318400
2006-09-01,67.849998,68.650002,63.869999,67.099998,45.591976,474291100
2006-10-01,67.290001,72.330002,64.839996,71.419998,48.527245,458300600
2006-11-01,71.580002,77.370003,70.269997,76.809998,52.189537,407406000
2006-12-01,76.779999,79.000000,74.820000,76.629997,52.292976,386455900
2007-01-01,76.260002,76.269997,70.639999,74.099998,50.566494,504732000
2007-02-01,74.580002,76.099998,71.180000,71.680000,48.915066,401419000
2007-03-01,70.900002,76.349998,69.019997,75.449997,51.707012,611224400
2007-04-01,75.349998,80.879997,75.279999,79.379997,54.400307,451394900
2007-05-01,79.500000,84.320000,79.050003,83.169998,56.997665,443527200
2007-06-01,83.559998,86.580002,80.849998,83.879997,57.732388,506912200
2007-07-01,84.500000,93.620003,84.120003,85.129997,58.592735,559643700
2007-08-01,84.989998,87.900002,78.760002,85.730003,59.005714,687544000
2007-09-01,85.309998,93.660004,83.879997,92.559998,63.961300,446258200
2007-10-01,92.449997,95.269997,89.669998,91.989998,63.567394,513452200
2007-11-01,89.830002,90.949997,83.370003,89.160004,61.611801,548075900
2007-12-01,88.970001,95.099998,87.709999,93.690002,64.993820,386223600
2008-01-01,94.150002,94.739998,77.550003,85.699997,59.451080,614692200
2008-02-01,87.699997,90.169998,80.360001,87.010002,60.359840,491055000
2008-03-01,86.830002,88.500000,81.970001,84.580002,58.927376,608218000
2008-04-01,84.800003,94.930000,84.260002,93.070000,64.842400,483071200
2008-05-01,90.099998,96.120003,87.599998,88.760002,61.839619,575856500
2008-06-01,88.089996,90.500000,84.769997,88.129997,61.674995,565696300
2008-07-01,87.870003,89.629997,79.099998,80.430000,56.286373,685444100
2008-08-01,80.550003,81.500000,76.139999,80.010002,55.992474,543017900
2008-09-01,78.040001,82.000000,71.510002,77.660004,54.625473,770778000
2008-10-01,77.190002,81.750000,56.509998,74.120003,52.135456,1384259200
2008-11-01,73.449997,81.029999,67.540001,80.150002,56.376919,1006470600
2008-12-01,77.889999,83.639999,72.680000,79.830002,56.474739,996412900
2009-01-01,80.059998,82.730003,74.010002,76.480003,54.104820,844182900
2009-02-01,76.059998,80.500000,67.900002,67.900002,48.034992,771508100
2009-03-01,67.000000,71.489998,61.860001,68.099998,48.419243,933460300
2009-04-01,67.040001,71.150002,64.500000,66.669998,47.402523,632859600
2009-05-01,67.129997,71.389999,65.599998,69.349998,49.308006,530458500
2009-06-01,70.459999,74.830002,68.080002,69.910004,50.002796,596987800
2009-07-01,70.669998,72.790001,64.459999,70.389999,50.346111,560318900
2009-08-01,70.959999,71.889999,66.089996,69.150002,49.459217,437664700
2009-09-01,68.930000,71.080002,67.830002,68.610001,49.372719,419180700
2009-10-01,68.389999,75.000000,66.110001,71.669998,51.574734,501283200
2009-11-01,72.050003,76.540001,71.040001,75.070000,54.021439,356438100
2009-12-01,76.000000,76.300003,67.639999,68.190002,49.356102,648945000
2010-01-01,68.720001,70.599998,64.019997,64.430000,46.634602,596474300
2010-02-01,65.769997,67.230003,63.560001,65.000000,47.047157,534843200
2010-03-01,65.360001,67.889999,65.080002,66.980003,48.796562,582728200
2010-04-01,67.269997,70.000000,66.849998,67.769997,49.372093,531285400
2010-05-01,68.110001,68.220001,58.459999,60.459999,44.046581,768609600
2010-06-01,60.380001,64.500000,56.919998,57.070000,41.859234,808522600
2010-07-01,56.980000,61.880001,55.939999,59.680000,43.773605,613489500
2010-08-01,60.639999,62.990002,58.049999,59.110001,43.355526,475629700
2010-09-01,60.040001,62.439999,59.720001,61.790001,45.645519,423362300
2010-10-01,62.320000,66.809998,61.799999,66.489998,49.117527,430427600
2010-11-01,66.720001,71.900002,66.629997,69.559998,51.385395,486318500
2010-12-01,70.379997,73.690002,70.379997,73.120003,54.355339,409237200
2011-01-01,73.720001,80.820000,73.639999,80.680000,59.975246,449380100
2011-02-01,81.139999,88.230003,81.040001,85.529999,63.580593,443594000
2011-03-01,86.410004,86.500000,78.800003,84.129997,62.869450,439334000
2011-04-01,84.720001,88.000000,82.379997,87.980003,65.746552,309722400
2011-05-01,88.099998,88.129997,79.419998,83.470001,62.376255,403834500
2011-06-01,83.550003,83.650002,76.720001,81.379997,61.159328,444344200
2011-07-01,81.190002,85.410004,79.760002,79.790001,59.964405,375467600
2011-08-01,80.820000,81.180000,67.029999,74.019997,55.628082,774165900
2011-09-01,74.150002,74.980003,67.930000,72.629997,54.943913,550523400
2011-10-01,72.050003,82.199997,69.209999,78.089996,59.074364,514198800
2011-11-01,75.820000,80.529999,73.900002,80.440002,60.852112,444321100
2011-12-01,80.199997,85.629997,78.660004,84.760002,64.502228,380150300
2012-01-01,85.970001,87.940002,83.459999,83.739998,63.725986,333545900
2012-02-01,84.230003,87.830002,83.190002,86.500000,65.826340,300700700
2012-03-01,86.470001,87.250000,84.050003,86.730003,66.362617,338912600
2012-04-01,86.599998,87.669998,81.879997,86.339996,66.064194,300234500
2012-05-01,86.459999,87.519997,78.410004,78.629997,60.164822,353685200
2012-06-01,77.870003,85.699997,77.129997,85.570000,65.926094,497990800
2012-07-01,85.440002,87.849998,82.830002,86.849998,66.912231,314314800
2012-08-01,87.019997,88.910004,85.500000,87.300003,67.258942,248010000
2012-09-01,87.330002,92.570000,86.519997,91.449997,70.914101,254195800
2012-10-01,91.790001,93.669998,89.680000,91.169998,70.696999,241112300
2012-11-01,90.250000,92.050003,85.059998,88.139999,68.347420,285676100
2012-12-01,88.550003,90.370003,84.699997,86.550003,67.534676,282441200
2013-01-01,87.790001,91.930000,87.239998,89.970001,70.203285,261496700
2013-02-01,90.440002,90.500000,87.610001,89.550003,69.875534,237182000
2013-03-01,89.070000,90.980003,87.900002,90.110001,70.761726,265045600
2013-04-01,90.129997,90.989998,85.019997,88.989998,69.882202,296347200
2013-05-01,88.519997,93.500000,87.480003,90.470001,71.044418,276095000
2013-06-01,90.529999,92.269997,88.019997,90.349998,71.440994,291767600
2013-07-01,90.389999,95.489998,89.959999,93.750000,74.129433,237784200
2013-08-01,92.690002,93.099998,86.389999,87.160004,68.918648,271631600
2013-09-01,87.699997,89.870003,85.610001,86.040001,68.503235,238532800
2013-10-01,85.989998,90.959999,84.790001,89.620003,71.353569,287672200
2013-11-01,89.739998,96.000000,88.269997,93.480003,74.426819,250351200
2013-12-01,93.269997,101.739998,92.919998,101.199997,81.121552,269290800
2014-01-01,100.599998,101.220001,91.699997,92.160004,73.875122,256867500
2014-02-01,91.919998,97.250000,89.250000,96.269997,77.169685,253283700
2014-03-01,95.760002,98.849998,93.010002,97.680000,78.854515,255698300
2014-04-01,97.650002,102.570000,96.239998,102.410004,82.672913,230896100
2014-05-01,101.959999,103.449997,100.320000,100.529999,81.155258,179886600
2014-06-01,100.529999,104.610001,99.589996,100.680000,81.828163,208876600
2014-07-01,101.150002,104.760002,98.930000,98.940002,80.413940,189374200
2014-08-01,98.620003,100.430000,97.629997,99.459999,80.836586,187451500
2014-09-01,99.430000,99.589996,93.620003,94.050003,76.972069,231833300
2014-10-01,94.110001,96.889999,86.910004,96.709999,79.149048,342094700
2014-11-01,96.559998,97.199997,90.110001,90.540001,74.099426,218128400
2014-12-01,90.360001,95.330002,86.190002,92.449997,76.208893,400812400
2015-01-01,92.250000,93.050003,86.029999,87.419998,72.062508,326819500
2015-02-01,87.849998,93.449997,87.500000,88.540001,72.985779,276447700
2015-03-01,88.339996,88.519997,82.680000,85.000000,70.595055,330260500
2015-04-01,85.699997,88.669998,83.809998,87.370003,72.563416,251671200
2015-05-01,87.849998,90.089996,84.769997,85.199997,70.761162,198924100
2015-06-01,85.250000,85.970001,82.800003,83.199997,69.671616,238808600
2015-07-01,83.279999,83.529999,78.930000,79.209999,66.330414,274029000
2015-08-01,78.699997,79.290001,66.550003,75.239998,63.005936,387523600
2015-09-01,73.300003,75.470001,71.510002,74.349998,62.843189,316644500
2015-10-01,75.199997,83.879997,73.029999,82.739998,69.934700,318077700
2015-11-01,82.300003,87.440002,77.910004,81.660004,69.021866,264207900
2015-12-01,81.760002,82.129997,73.790001,77.949997,66.460388,367069000
2016-01-01,77.500000,79.919998,71.550003,77.849998,66.375130,418954700
2016-02-01,76.660004,83.440002,73.550003,80.150002,68.336121,359915800
2016-03-01,80.559998,85.099998,80.309998,83.589996,71.915932,292841700
2016-04-01,82.400002,89.779999,81.989998,88.400002,76.054169,221801200
2016-05-01,88.239998,90.459999,87.230003,89.019997,76.587585,219170200
2016-06-01,88.430000,93.830002,87.610001,93.739998,81.326195,252091800
2016-07-01,93.360001,95.550003,86.120003,88.949997,77.170532,209716200
2016-08-01,88.080002,88.940002,85.580002,87.139999,75.600212,235412300
2016-09-01,86.720001,89.370003,82.290001,87.279999,76.367393,271447100
2016-10-01,86.940002,88.669998,82.989998,83.320000,72.902512,192041100
2016-11-01,83.500000,88.190002,82.760002,87.300003,76.384903,233089000
2016-12-01,87.980003,93.220001,86.599998,90.260002,79.674110,220435500
2017-01-01,90.940002,91.339996,83.129997,83.889999,74.051201,252514500
2017-02-01,84.000000,84.160004,80.760002,81.320000,71.782623,237345100
2017-03-01,81.699997,84.250000,80.309998,82.010002,73.053650,315475000
2017-04-01,82.019997,83.550003,80.300003,81.650002,72.732971,192624700
2017-05-01,81.510002,83.230003,80.470001,80.500000,71.708565,220122400
2017-06-01,80.370003,83.690002,79.260002,80.730003,72.592537,303836700
2017-07-01,80.790001,82.489998,78.269997,80.040001,71.972092,201333900
2017-08-01,80.160004,80.820000,76.050003,76.330002,68.636047,224413200
2017-09-01,76.370003,82.449997,76.320000,81.980003,74.431061,216249200
2017-10-01,81.300003,84.239998,81.250000,83.349998,75.674911,172408300
2017-11-01,83.389999,84.139999,80.010002,83.290001,75.620430,191810600
2017-12-01,83.440002,84.360001,82.169998,83.639999,76.640999,220601300
2018-01-01,83.820000,89.300003,83.660004,87.300003,79.994728,233944600
2018-02-01,87.500000,89.250000,73.900002,75.739998,69.402069,369414700
2018-03-01,75.529999,76.980003,72.669998,74.610001,69.065735,356741300
2018-04-01,74.269997,80.900002,72.160004,77.750000,71.972389,285826800
2018-05-01,77.260002,82.650002,75.400002,81.239998,75.203049,299337700
2018-06-01,81.870003,83.790001,79.300003,82.730003,77.358566,257136500
2018-07-01,81.889999,84.400002,80.709999,81.510002,76.217781,204469200
2018-08-01,80.889999,81.589996,76.510002,80.169998,74.964767,215072500
2018-09-01,80.410004,87.360001,79.599998,85.019997,80.319870,227023600
2018-10-01,85.349998,86.889999,76.220001,79.680000,75.275093,305909200
2018-11-01,79.830002,83.750000,74.699997,79.500000,75.105042,287081300
2018-12-01,80.239998,81.949997,64.650002,68.190002,65.073334,380647000
2019-01-01,67.349998,73.489998,67.260002,73.279999,69.930687,269226500
2019-02-01,74.919998,79.750000,72.730003,79.029999,75.417877,245067300
2019-03-01,79.379997,82.000000,77.860001,80.800003,77.963036,272454400
2019-04-01,81.230003,83.489998,79.559998,80.279999,77.461288,219523400
2019-05-01,79.940002,80.260002,70.629997,70.769997,68.285187,250094000
2019-06-01,71.089996,77.760002,70.970001,76.629997,74.786964,218953600
2019-07-01,77.129997,77.930000,74.180000,74.360001,72.571564,186899500
2019-08-01,73.739998,74.269997,66.529999,68.480003,66.832985,277599800
2019-09-01,67.889999,75.180000,67.629997,70.610001,69.768600,215355500
2019-10-01,70.830002,70.910004,66.309998,67.570000,66.764824,237608200
2019-11-01,68.389999,73.120003,67.320000,68.129997,67.318146,249330100
